<?xml version="1.0" encoding="utf-8"?>
<Groups clsid="{3125E937-EB16-4b4c-9934-544FC6D24D26}"><Group clsid="{6D4A79E4-529C-4481-ABD0-F5BD7EA93BA7}" name="Administrators (built-in)" image="2" changed="2016-09-27 19:26:47" uid="{C24AF0B7-8C07-449F-8F8B-69A3A0BD74EC}" userContext="0" removePolicy="0"><Properties action="U" newName="" description="Administrators have complete and unrestricted access to the computer/domain" deleteAllUsers="1" deleteAllGroups="1" removeAccounts="0" groupSid="S-1-5-32-544" groupName="Administrators (built-in)"><Members><Member name="%DomainName%\PERM-LA-CLIENT-Live-ALL" action="ADD" sid=""/></Members></Properties><Filters/></Group>
	<Group clsid="{6D4A79E4-529C-4481-ABD0-F5BD7EA93BA7}" name="Administrators (built-in)" image="2" changed="2016-09-27 19:29:17" uid="{BB07CA53-4D48-4F06-A4C2-54C20E9DD434}" userContext="0" removePolicy="0"><Properties action="U" newName="" description="Administrators have complete and unrestricted access to the computer/domain" deleteAllUsers="0" deleteAllGroups="0" removeAccounts="0" groupSid="S-1-5-32-544" groupName="Administrators (built-in)"><Members><Member name="%DomainName%\PERM-LA-CLIENT-%ComputerName%" action="ADD" sid=""/></Members></Properties><Filters/></Group>
</Groups>
