<?xml version="1.0" encoding="utf-8"?>
<InternetSettings clsid="{B611EB48-F531-42cd-A1F6-5E0D015377BA}"><IE10 clsid="{683F7AD7-E782-4232-8A6D-F22431F12DB5}" name="Internet Explorer 10" status="Internet Explorer 10" changed="2015-10-08 09:25:16" uid="{49A69DD6-F1D2-4806-AD92-44C6B7363CC5}" bypassErrors="1"><Filters><FilterFile hidden="1" not="0" bool="AND" path="%ProgramFilesDir%\Internet Explorer\iexplore.exe" type="VERSION" gte="1" min="10.0.0.0" max="99.0.0.0" lte="0"/></Filters><Properties><Reg id="ScriptAddress" disabled="1" type="REG_SZ" hive="HKEY_CURRENT_USER" key="Software\Microsoft\Windows\CurrentVersion\Internet Settings" name="AutoConfigURL" value=""/><Reg id="UseProxyServer" disabled="1" type="REG_DWORD" hive="HKEY_CURRENT_USER" key="Software\Microsoft\Windows\CurrentVersion\Internet Settings" name="ProxyEnable" value="0"/><Reg id="ProxyServerAndPort" disabled="1" type="REG_SZ" hive="HKEY_CURRENT_USER" key="Software\Microsoft\Windows\CurrentVersion\Internet Settings" name="ProxyServer" value=""/><Reg id="ProxyOverride" disabled="1" type="REG_SZ" hive="HKEY_CURRENT_USER" key="Software\Microsoft\Windows\CurrentVersion\Internet Settings" name="ProxyOverride" value=""/><Reg id="AutodetectConfig" disabled="1" type="REG_DWORD" hive="HKEY_CURRENT_USER" key="Software\Microsoft\Windows\CurrentVersion\Internet Settings" name="AutoDetect" value="0"/><Reg id="Homepage" type="REG_SZ" hive="HKEY_CURRENT_USER" key="Software\Microsoft\Internet Explorer\Main" name="Start Page" value="about:blank"/><Reg id="SecondaryStartPages" type="REG_MULTI_SZ" hive="HKEY_CURRENT_USER" key="Software\Microsoft\Internet Explorer\Main" name="Secondary Start Pages" value=""/><Reg id="ClearBrowsingHistoryOnExit" disabled="1" type="REG_DWORD" hive="HKEY_CURRENT_USER" key="Software\Microsoft\Internet Explorer\Privacy" name="ClearBrowsingHistoryOnExit" value="0"/><Reg id="StartupOptions" type="REG_DWORD" hive="HKEY_CURRENT_USER" key="Software\Microsoft\Internet Explorer\ContinuousBrowsing" name="Enabled" value="00000000"/><Reg id="CurrentLevelLocal" disabled="1" type="REG_DWORD" hive="HKEY_CURRENT_USER" key="Software\Microsoft\Windows\CurrentVersion\Internet Settings\Zones\1" name="CurrentLevel" value="00010500"/><Reg id="LooseXamlLocal" disabled="1" type="REG_DWORD" hive="HKEY_CURRENT_USER" key="Software\Microsoft\Windows\CurrentVersion\Internet Settings\Zones\1" name="2402" value="00000000"/><Reg id="XamlBrowserAppLocal" disabled="1" type="REG_DWORD" hive="HKEY_CURRENT_USER" key="Software\Microsoft\Windows\CurrentVersion\Internet Settings\Zones\1" name="2400" value="00000000"/><Reg id="XpsDocsLocal" disabled="1" type="REG_DWORD" hive="HKEY_CURRENT_USER" key="Software\Microsoft\Windows\CurrentVersion\Internet Settings\Zones\1" name="2401" value="00000000"/><Reg id="PermForManifestCompLocal" disabled="1" type="REG_DWORD" hive="HKEY_CURRENT_USER" key="Software\Microsoft\Windows\CurrentVersion\Internet Settings\Zones\1" name="2007" value="00010000"/><Reg id="NotSignedAuthenticodeLocal" disabled="1" type="REG_DWORD" hive="HKEY_CURRENT_USER" key="Software\Microsoft\Windows\CurrentVersion\Internet Settings\Zones\1" name="2004" value="00000000"/><Reg id="SignedAuthenticodeLocal" disabled="1" type="REG_DWORD" hive="HKEY_CURRENT_USER" key="Software\Microsoft\Windows\CurrentVersion\Internet Settings\Zones\1" name="2001" value="00000000"/><Reg id="AllowActiveXFilteringLocal" disabled="1" type="REG_DWORD" hive="HKEY_CURRENT_USER" key="Software\Microsoft\Windows\CurrentVersion\Internet Settings\Zones\1" name="2702" value="00000003"/><Reg id="ActiveXUnusedLocal" disabled="1" type="REG_DWORD" hive="HKEY_CURRENT_USER" key="Software\Microsoft\Windows\CurrentVersion\Internet Settings\Zones\1" name="1208" value="00000000"/><Reg id="ScriptletsLocal" disabled="1" type="REG_DWORD" hive="HKEY_CURRENT_USER" key="Software\Microsoft\Windows\CurrentVersion\Internet Settings\Zones\1" name="1209" value="00000000"/><Reg id="PromptActivXLocal" disabled="1" type="REG_DWORD" hive="HKEY_CURRENT_USER" key="Software\Microsoft\Windows\CurrentVersion\Internet Settings\Zones\1" name="2201" value="00000000"/><Reg id="BinaryScriptLocal" disabled="1" type="REG_DWORD" hive="HKEY_CURRENT_USER" key="Software\Microsoft\Windows\CurrentVersion\Internet Settings\Zones\1" name="2000" value="00000000"/><Reg id="ShowVideoAnimationLocal" disabled="1" type="REG_DWORD" hive="HKEY_CURRENT_USER" key="Software\Microsoft\Windows\CurrentVersion\Internet Settings\Zones\1" name="120A" value="00000003"/><Reg id="DownloadSignedActiveXLocal" disabled="1" type="REG_DWORD" hive="HKEY_CURRENT_USER" key="Software\Microsoft\Windows\CurrentVersion\Internet Settings\Zones\1" name="1001" value="00000001"/><Reg id="DownloadUnsignedActiveXLocal" disabled="1" type="REG_DWORD" hive="HKEY_CURRENT_USER" key="Software\Microsoft\Windows\CurrentVersion\Internet Settings\Zones\1" name="1004" value="00000003"/><Reg id="ScriptUnsafeActiveXLocal" disabled="1" type="REG_DWORD" hive="HKEY_CURRENT_USER" key="Software\Microsoft\Windows\CurrentVersion\Internet Settings\Zones\1" name="1201" value="00000003"/><Reg id="AllowOnlyApprovedDomainsActiveXLocal" disabled="1" type="REG_DWORD" hive="HKEY_CURRENT_USER" key="Software\Microsoft\Windows\CurrentVersion\Internet Settings\Zones\1" name="120B" value="00000000"/><Reg id="RunActiveXLocal" disabled="1" type="REG_DWORD" hive="HKEY_CURRENT_USER" key="Software\Microsoft\Windows\CurrentVersion\Internet Settings\Zones\1" name="1200" value="00000000"/><Reg id="ScriptSafeActiveXLocal" disabled="1" type="REG_DWORD" hive="HKEY_CURRENT_USER" key="Software\Microsoft\Windows\CurrentVersion\Internet Settings\Zones\1" name="1405" value="00000000"/><Reg id="FileDownloadLocal" disabled="1" type="REG_DWORD" hive="HKEY_CURRENT_USER" key="Software\Microsoft\Windows\CurrentVersion\Internet Settings\Zones\1" name="1803" value="00000000"/><Reg id="FontDownloadLocal" disabled="1" type="REG_DWORD" hive="HKEY_CURRENT_USER" key="Software\Microsoft\Windows\CurrentVersion\Internet Settings\Zones\1" name="1604" value="00000000"/><Reg id="FrameworkSetupLocal" disabled="1" type="REG_DWORD" hive="HKEY_CURRENT_USER" key="Software\Microsoft\Windows\CurrentVersion\Internet Settings\Zones\1" name="2600" value="00000000"/><Reg id="AccessDataAcrossDomainsLocal" disabled="1" type="REG_DWORD" hive="HKEY_CURRENT_USER" key="Software\Microsoft\Windows\CurrentVersion\Internet Settings\Zones\1" name="1406" value="00000001"/><Reg id="DragAcrossDomainsDiffWindowsLocal" disabled="1" type="REG_DWORD" hive="HKEY_CURRENT_USER" key="Software\Microsoft\Windows\CurrentVersion\Internet Settings\Zones\1" name="2709" value="00000003"/><Reg id="DragAcrossDomainsSameWindowLocal" disabled="1" type="REG_DWORD" hive="HKEY_CURRENT_USER" key="Software\Microsoft\Windows\CurrentVersion\Internet Settings\Zones\1" name="2708" value="00000003"/><Reg id="AllowMETAREFRESHLocal" disabled="1" type="REG_DWORD" hive="HKEY_CURRENT_USER" key="Software\Microsoft\Windows\CurrentVersion\Internet Settings\Zones\1" name="1608" value="00000000"/><Reg id="AllowScriptingLocal" disabled="1" type="REG_DWORD" hive="HKEY_CURRENT_USER" key="Software\Microsoft\Windows\CurrentVersion\Internet Settings\Zones\1" name="1206" value="00000000"/><Reg id="AllowScriptInitiatedWindowsLocal" disabled="1" type="REG_DWORD" hive="HKEY_CURRENT_USER" key="Software\Microsoft\Windows\CurrentVersion\Internet Settings\Zones\1" name="2102" value="00000000"/><Reg id="AllowRestrictedProtocolsLocal" disabled="1" type="REG_DWORD" hive="HKEY_CURRENT_USER" key="Software\Microsoft\Windows\CurrentVersion\Internet Settings\Zones\1" name="2300" value="00000001"/><Reg id="AllowNoAddressStatusLocal" disabled="1" type="REG_DWORD" hive="HKEY_CURRENT_USER" key="Software\Microsoft\Windows\CurrentVersion\Internet Settings\Zones\1" name="2104" value="00000000"/><Reg id="DisplayMixedContentLocal" disabled="1" type="REG_DWORD" hive="HKEY_CURRENT_USER" key="Software\Microsoft\Windows\CurrentVersion\Internet Settings\Zones\1" name="1609" value="00000001"/><Reg id="DontPromptForCertificateLocal" disabled="1" type="REG_DWORD" hive="HKEY_CURRENT_USER" key="Software\Microsoft\Windows\CurrentVersion\Internet Settings\Zones\1" name="1A04" value="00000000"/><Reg id="DragAndDropLocal" disabled="1" type="REG_DWORD" hive="HKEY_CURRENT_USER" key="Software\Microsoft\Windows\CurrentVersion\Internet Settings\Zones\1" name="1802" value="00000000"/><Reg id="EnableMIMESniffingLocal" disabled="1" type="REG_DWORD" hive="HKEY_CURRENT_USER" key="Software\Microsoft\Windows\CurrentVersion\Internet Settings\Zones\1" name="2100" value="00000000"/><Reg id="LocalDirOnULLocal" disabled="1" type="REG_DWORD" hive="HKEY_CURRENT_USER" key="Software\Microsoft\Windows\CurrentVersion\Internet Settings\Zones\1" name="160A" value="00000000"/><Reg id="AppsUnsafeFilesLocal" disabled="1" type="REG_DWORD" hive="HKEY_CURRENT_USER" key="Software\Microsoft\Windows\CurrentVersion\Internet Settings\Zones\1" name="1806" value="00000000"/><Reg id="LaunchProgramsInIFRAMELocal" disabled="1" type="REG_DWORD" hive="HKEY_CURRENT_USER" key="Software\Microsoft\Windows\CurrentVersion\Internet Settings\Zones\1" name="1804" value="00000001"/><Reg id="NavigateSubFramesAcrossDomainsLocal" disabled="1" type="REG_DWORD" hive="HKEY_CURRENT_USER" key="Software\Microsoft\Windows\CurrentVersion\Internet Settings\Zones\1" name="1607" value="00000000"/><Reg id="RenderLegacyFiltersLocal" disabled="1" type="REG_DWORD" hive="HKEY_CURRENT_USER" key="Software\Microsoft\Windows\CurrentVersion\Internet Settings\Zones\1" name="270B" value="00000000"/><Reg id="SubmitNonEncryptedFormLocal" disabled="1" type="REG_DWORD" hive="HKEY_CURRENT_USER" key="Software\Microsoft\Windows\CurrentVersion\Internet Settings\Zones\1" name="1601" value="00000000"/><Reg id="UsePhishingLocal" disabled="1" type="REG_DWORD" hive="HKEY_CURRENT_USER" key="Software\Microsoft\Windows\CurrentVersion\Internet Settings\Zones\1" name="2301" value="00000003"/><Reg id="UsePopUpBlockerLocal" disabled="1" type="REG_DWORD" hive="HKEY_CURRENT_USER" key="Software\Microsoft\Windows\CurrentVersion\Internet Settings\Zones\1" name="1809" value="00000003"/><Reg id="UserdataPersistenceLocal" disabled="1" type="REG_DWORD" hive="HKEY_CURRENT_USER" key="Software\Microsoft\Windows\CurrentVersion\Internet Settings\Zones\1" name="1606" value="00000000"/><Reg id="LessPrivilegedWebsitesLocal" disabled="1" type="REG_DWORD" hive="HKEY_CURRENT_USER" key="Software\Microsoft\Windows\CurrentVersion\Internet Settings\Zones\1" name="2101" value="00000000"/><Reg id="ActiveScriptingLocal" disabled="1" type="REG_DWORD" hive="HKEY_CURRENT_USER" key="Software\Microsoft\Windows\CurrentVersion\Internet Settings\Zones\1" name="1400" value="00000000"/><Reg id="AllowClipboardLocal" disabled="1" type="REG_DWORD" hive="HKEY_CURRENT_USER" key="Software\Microsoft\Windows\CurrentVersion\Internet Settings\Zones\1" name="1407" value="00000000"/><Reg id="AllowStatusBarLocal" disabled="1" type="REG_DWORD" hive="HKEY_CURRENT_USER" key="Software\Microsoft\Windows\CurrentVersion\Internet Settings\Zones\1" name="2103" value="00000000"/><Reg id="PromptForInfoLocal" disabled="1" type="REG_DWORD" hive="HKEY_CURRENT_USER" key="Software\Microsoft\Windows\CurrentVersion\Internet Settings\Zones\1" name="2105" value="00000000"/><Reg id="EnableXSSFilterLocal" disabled="1" type="REG_DWORD" hive="HKEY_CURRENT_USER" key="Software\Microsoft\Windows\CurrentVersion\Internet Settings\Zones\1" name="1409" value="00000003"/><Reg id="AppletScriptingLocal" disabled="1" type="REG_DWORD" hive="HKEY_CURRENT_USER" key="Software\Microsoft\Windows\CurrentVersion\Internet Settings\Zones\1" name="1402" value="00000000"/><Reg id="LogonLocal" disabled="1" type="REG_DWORD" hive="HKEY_CURRENT_USER" key="Software\Microsoft\Windows\CurrentVersion\Internet Settings\Zones\1" name="1A00" value="00020000"/><Reg id="Default1207Local" disabled="1" type="REG_DWORD" hive="HKEY_CURRENT_USER" key="Software\Microsoft\Windows\CurrentVersion\Internet Settings\Zones\1" name="1207" value="00000000"/><Reg id="Default1408Local" disabled="1" type="REG_DWORD" hive="HKEY_CURRENT_USER" key="Software\Microsoft\Windows\CurrentVersion\Internet Settings\Zones\1" name="1408" value="00000000"/><Reg id="Default140ALocal" disabled="1" type="REG_DWORD" hive="HKEY_CURRENT_USER" key="Software\Microsoft\Windows\CurrentVersion\Internet Settings\Zones\1" name="140A" value="00000000"/><Reg id="Default1605Local" disabled="1" type="REG_DWORD" hive="HKEY_CURRENT_USER" key="Software\Microsoft\Windows\CurrentVersion\Internet Settings\Zones\1" name="1605" value="00000000"/><Reg id="Default160BLocal" disabled="1" type="REG_DWORD" hive="HKEY_CURRENT_USER" key="Software\Microsoft\Windows\CurrentVersion\Internet Settings\Zones\1" name="160B" value="00000000"/><Reg id="Default180bLocal" disabled="1" type="REG_DWORD" hive="HKEY_CURRENT_USER" key="Software\Microsoft\Windows\CurrentVersion\Internet Settings\Zones\1" name="180B" value="00000000"/><Reg id="Default1a02Local" disabled="1" type="REG_DWORD" hive="HKEY_CURRENT_USER" key="Software\Microsoft\Windows\CurrentVersion\Internet Settings\Zones\1" name="1A02" value="00000000"/><Reg id="Default1a03Local" disabled="1" type="REG_DWORD" hive="HKEY_CURRENT_USER" key="Software\Microsoft\Windows\CurrentVersion\Internet Settings\Zones\1" name="1A03" value="00000000"/><Reg id="Default1a05Local" disabled="1" type="REG_DWORD" hive="HKEY_CURRENT_USER" key="Software\Microsoft\Windows\CurrentVersion\Internet Settings\Zones\1" name="1A05" value="00000000"/><Reg id="Default1a06Local" disabled="1" type="REG_DWORD" hive="HKEY_CURRENT_USER" key="Software\Microsoft\Windows\CurrentVersion\Internet Settings\Zones\1" name="1A06" value="00000000"/><Reg id="Default1a10Local" disabled="1" type="REG_DWORD" hive="HKEY_CURRENT_USER" key="Software\Microsoft\Windows\CurrentVersion\Internet Settings\Zones\1" name="1A10" value="00000000"/><Reg id="Default1C00Local" disabled="1" type="REG_DWORD" hive="HKEY_CURRENT_USER" key="Software\Microsoft\Windows\CurrentVersion\Internet Settings\Zones\1" name="1C00" value="00020000"/><Reg id="Default2005Local" disabled="1" type="REG_DWORD" hive="HKEY_CURRENT_USER" key="Software\Microsoft\Windows\CurrentVersion\Internet Settings\Zones\1" name="2005" value="00000000"/><Reg id="Default2106Local" disabled="1" type="REG_DWORD" hive="HKEY_CURRENT_USER" key="Software\Microsoft\Windows\CurrentVersion\Internet Settings\Zones\1" name="2106" value="00000000"/><Reg id="Default2107Local" disabled="1" type="REG_DWORD" hive="HKEY_CURRENT_USER" key="Software\Microsoft\Windows\CurrentVersion\Internet Settings\Zones\1" name="2107" value="00000000"/><Reg id="Default2108Local" disabled="1" type="REG_DWORD" hive="HKEY_CURRENT_USER" key="Software\Microsoft\Windows\CurrentVersion\Internet Settings\Zones\1" name="2108" value="00000003"/><Reg id="Default2200Local" disabled="1" type="REG_DWORD" hive="HKEY_CURRENT_USER" key="Software\Microsoft\Windows\CurrentVersion\Internet Settings\Zones\1" name="2200" value="00000000"/><Reg id="Default2302Local" disabled="1" type="REG_DWORD" hive="HKEY_CURRENT_USER" key="Software\Microsoft\Windows\CurrentVersion\Internet Settings\Zones\1" name="2302" value="00000003"/><Reg id="Default2500Local" disabled="1" type="REG_DWORD" hive="HKEY_CURRENT_USER" key="Software\Microsoft\Windows\CurrentVersion\Internet Settings\Zones\1" name="2500" value="00000000"/><Reg id="Default2700Local" disabled="1" type="REG_DWORD" hive="HKEY_CURRENT_USER" key="Software\Microsoft\Windows\CurrentVersion\Internet Settings\Zones\1" name="2700" value="00000003"/><Reg id="Default2701Local" disabled="1" type="REG_DWORD" hive="HKEY_CURRENT_USER" key="Software\Microsoft\Windows\CurrentVersion\Internet Settings\Zones\1" name="2701" value="00000000"/><Reg id="Default2703Local" disabled="1" type="REG_DWORD" hive="HKEY_CURRENT_USER" key="Software\Microsoft\Windows\CurrentVersion\Internet Settings\Zones\1" name="2703" value="00000000"/><Reg id="Default2704Local" disabled="1" type="REG_DWORD" hive="HKEY_CURRENT_USER" key="Software\Microsoft\Windows\CurrentVersion\Internet Settings\Zones\1" name="2704" value="00000000"/><Reg id="Default2707Local" disabled="1" type="REG_DWORD" hive="HKEY_CURRENT_USER" key="Software\Microsoft\Windows\CurrentVersion\Internet Settings\Zones\1" name="2707" value="00000003"/><Reg id="CurrentLevelTrusted" disabled="1" type="REG_DWORD" hive="HKEY_CURRENT_USER" key="Software\Microsoft\Windows\CurrentVersion\Internet Settings\Zones\2" name="CurrentLevel" value="00011000"/><Reg id="LooseXamlTrusted" disabled="1" type="REG_DWORD" hive="HKEY_CURRENT_USER" key="Software\Microsoft\Windows\CurrentVersion\Internet Settings\Zones\2" name="2402" value="00000000"/><Reg id="XamlBrowserAppTrusted" disabled="1" type="REG_DWORD" hive="HKEY_CURRENT_USER" key="Software\Microsoft\Windows\CurrentVersion\Internet Settings\Zones\2" name="2400" value="00000000"/><Reg id="XpsDocsTrusted" disabled="1" type="REG_DWORD" hive="HKEY_CURRENT_USER" key="Software\Microsoft\Windows\CurrentVersion\Internet Settings\Zones\2" name="2401" value="00000000"/><Reg id="PermForManifestCompTrusted" disabled="1" type="REG_DWORD" hive="HKEY_CURRENT_USER" key="Software\Microsoft\Windows\CurrentVersion\Internet Settings\Zones\2" name="2007" value="00010000"/><Reg id="NotSignedAuthenticodeTrusted" disabled="1" type="REG_DWORD" hive="HKEY_CURRENT_USER" key="Software\Microsoft\Windows\CurrentVersion\Internet Settings\Zones\2" name="2004" value="00000000"/><Reg id="SignedAuthenticodeTrusted" disabled="1" type="REG_DWORD" hive="HKEY_CURRENT_USER" key="Software\Microsoft\Windows\CurrentVersion\Internet Settings\Zones\2" name="2001" value="00000000"/><Reg id="AllowActiveXFilteringTrusted" disabled="1" type="REG_DWORD" hive="HKEY_CURRENT_USER" key="Software\Microsoft\Windows\CurrentVersion\Internet Settings\Zones\2" name="2702" value="00000000"/><Reg id="ActiveXUnusedTrusted" disabled="1" type="REG_DWORD" hive="HKEY_CURRENT_USER" key="Software\Microsoft\Windows\CurrentVersion\Internet Settings\Zones\2" name="1208" value="00000000"/><Reg id="ScriptletsTrusted" disabled="1" type="REG_DWORD" hive="HKEY_CURRENT_USER" key="Software\Microsoft\Windows\CurrentVersion\Internet Settings\Zones\2" name="1209" value="00000003"/><Reg id="PromptActivXTrusted" disabled="1" type="REG_DWORD" hive="HKEY_CURRENT_USER" key="Software\Microsoft\Windows\CurrentVersion\Internet Settings\Zones\2" name="2201" value="00000003"/><Reg id="BinaryScriptTrusted" disabled="1" type="REG_DWORD" hive="HKEY_CURRENT_USER" key="Software\Microsoft\Windows\CurrentVersion\Internet Settings\Zones\2" name="2000" value="00000000"/><Reg id="ShowVideoAnimationTrusted" disabled="1" type="REG_DWORD" hive="HKEY_CURRENT_USER" key="Software\Microsoft\Windows\CurrentVersion\Internet Settings\Zones\2" name="120A" value="00000003"/><Reg id="DownloadSignedActiveXTrusted" disabled="1" type="REG_DWORD" hive="HKEY_CURRENT_USER" key="Software\Microsoft\Windows\CurrentVersion\Internet Settings\Zones\2" name="1001" value="00000001"/><Reg id="DownloadUnsignedActiveXTrusted" disabled="1" type="REG_DWORD" hive="HKEY_CURRENT_USER" key="Software\Microsoft\Windows\CurrentVersion\Internet Settings\Zones\2" name="1004" value="00000003"/><Reg id="ScriptUnsafeActiveXTrusted" disabled="1" type="REG_DWORD" hive="HKEY_CURRENT_USER" key="Software\Microsoft\Windows\CurrentVersion\Internet Settings\Zones\2" name="1201" value="00000003"/><Reg id="AllowOnlyApprovedDomainsActiveXTrusted" disabled="1" type="REG_DWORD" hive="HKEY_CURRENT_USER" key="Software\Microsoft\Windows\CurrentVersion\Internet Settings\Zones\2" name="120B" value="00000000"/><Reg id="RunActiveXTrusted" disabled="1" type="REG_DWORD" hive="HKEY_CURRENT_USER" key="Software\Microsoft\Windows\CurrentVersion\Internet Settings\Zones\2" name="1200" value="00000000"/><Reg id="ScriptSafeActiveXTrusted" disabled="1" type="REG_DWORD" hive="HKEY_CURRENT_USER" key="Software\Microsoft\Windows\CurrentVersion\Internet Settings\Zones\2" name="1405" value="00000000"/><Reg id="FileDownloadTrusted" disabled="1" type="REG_DWORD" hive="HKEY_CURRENT_USER" key="Software\Microsoft\Windows\CurrentVersion\Internet Settings\Zones\2" name="1803" value="00000000"/><Reg id="FontDownloadTrusted" disabled="1" type="REG_DWORD" hive="HKEY_CURRENT_USER" key="Software\Microsoft\Windows\CurrentVersion\Internet Settings\Zones\2" name="1604" value="00000000"/><Reg id="FrameworkSetupTrusted" disabled="1" type="REG_DWORD" hive="HKEY_CURRENT_USER" key="Software\Microsoft\Windows\CurrentVersion\Internet Settings\Zones\2" name="2600" value="00000000"/><Reg id="AccessDataAcrossDomainsTrusted" disabled="1" type="REG_DWORD" hive="HKEY_CURRENT_USER" key="Software\Microsoft\Windows\CurrentVersion\Internet Settings\Zones\2" name="1406" value="00000003"/><Reg id="DragAcrossDomainsDiffWindowsTrusted" disabled="1" type="REG_DWORD" hive="HKEY_CURRENT_USER" key="Software\Microsoft\Windows\CurrentVersion\Internet Settings\Zones\2" name="2709" value="00000003"/><Reg id="DragAcrossDomainsSameWindowTrusted" disabled="1" type="REG_DWORD" hive="HKEY_CURRENT_USER" key="Software\Microsoft\Windows\CurrentVersion\Internet Settings\Zones\2" name="2708" value="00000003"/><Reg id="AllowMETAREFRESHTrusted" disabled="1" type="REG_DWORD" hive="HKEY_CURRENT_USER" key="Software\Microsoft\Windows\CurrentVersion\Internet Settings\Zones\2" name="1608" value="00000000"/><Reg id="AllowScriptingTrusted" disabled="1" type="REG_DWORD" hive="HKEY_CURRENT_USER" key="Software\Microsoft\Windows\CurrentVersion\Internet Settings\Zones\2" name="1206" value="00000003"/><Reg id="AllowScriptInitiatedWindowsTrusted" disabled="1" type="REG_DWORD" hive="HKEY_CURRENT_USER" key="Software\Microsoft\Windows\CurrentVersion\Internet Settings\Zones\2" name="2102" value="00000003"/><Reg id="AllowRestrictedProtocolsTrusted" disabled="1" type="REG_DWORD" hive="HKEY_CURRENT_USER" key="Software\Microsoft\Windows\CurrentVersion\Internet Settings\Zones\2" name="2300" value="00000001"/><Reg id="AllowNoAddressStatusTrusted" disabled="1" type="REG_DWORD" hive="HKEY_CURRENT_USER" key="Software\Microsoft\Windows\CurrentVersion\Internet Settings\Zones\2" name="2104" value="00000000"/><Reg id="DisplayMixedContentTrusted" disabled="1" type="REG_DWORD" hive="HKEY_CURRENT_USER" key="Software\Microsoft\Windows\CurrentVersion\Internet Settings\Zones\2" name="1609" value="00000001"/><Reg id="DontPromptForCertificateTrusted" disabled="1" type="REG_DWORD" hive="HKEY_CURRENT_USER" key="Software\Microsoft\Windows\CurrentVersion\Internet Settings\Zones\2" name="1A04" value="00000003"/><Reg id="DragAndDropTrusted" disabled="1" type="REG_DWORD" hive="HKEY_CURRENT_USER" key="Software\Microsoft\Windows\CurrentVersion\Internet Settings\Zones\2" name="1802" value="00000000"/><Reg id="EnableMIMESniffingTrusted" disabled="1" type="REG_DWORD" hive="HKEY_CURRENT_USER" key="Software\Microsoft\Windows\CurrentVersion\Internet Settings\Zones\2" name="2100" value="00000000"/><Reg id="LocalDirOnULTrusted" disabled="1" type="REG_DWORD" hive="HKEY_CURRENT_USER" key="Software\Microsoft\Windows\CurrentVersion\Internet Settings\Zones\2" name="160A" value="00000000"/><Reg id="AppsUnsafeFilesTrusted" disabled="1" type="REG_DWORD" hive="HKEY_CURRENT_USER" key="Software\Microsoft\Windows\CurrentVersion\Internet Settings\Zones\2" name="1806" value="00000001"/><Reg id="LaunchProgramsInIFRAMETrusted" disabled="1" type="REG_DWORD" hive="HKEY_CURRENT_USER" key="Software\Microsoft\Windows\CurrentVersion\Internet Settings\Zones\2" name="1804" value="00000001"/><Reg id="NavigateSubFramesAcrossDomainsTrusted" disabled="1" type="REG_DWORD" hive="HKEY_CURRENT_USER" key="Software\Microsoft\Windows\CurrentVersion\Internet Settings\Zones\2" name="1607" value="00000003"/><Reg id="RenderLegacyFiltersTrusted" disabled="1" type="REG_DWORD" hive="HKEY_CURRENT_USER" key="Software\Microsoft\Windows\CurrentVersion\Internet Settings\Zones\2" name="270B" value="00000000"/><Reg id="SubmitNonEncryptedFormTrusted" disabled="1" type="REG_DWORD" hive="HKEY_CURRENT_USER" key="Software\Microsoft\Windows\CurrentVersion\Internet Settings\Zones\2" name="1601" value="00000000"/><Reg id="UsePhishingTrusted" disabled="1" type="REG_DWORD" hive="HKEY_CURRENT_USER" key="Software\Microsoft\Windows\CurrentVersion\Internet Settings\Zones\2" name="2301" value="00000000"/><Reg id="UsePopUpBlockerTrusted" disabled="1" type="REG_DWORD" hive="HKEY_CURRENT_USER" key="Software\Microsoft\Windows\CurrentVersion\Internet Settings\Zones\2" name="1809" value="00000000"/><Reg id="UserdataPersistenceTrusted" disabled="1" type="REG_DWORD" hive="HKEY_CURRENT_USER" key="Software\Microsoft\Windows\CurrentVersion\Internet Settings\Zones\2" name="1606" value="00000000"/><Reg id="LessPrivilegedWebsitesTrusted" disabled="1" type="REG_DWORD" hive="HKEY_CURRENT_USER" key="Software\Microsoft\Windows\CurrentVersion\Internet Settings\Zones\2" name="2101" value="00000000"/><Reg id="ActiveScriptingTrusted" disabled="1" type="REG_DWORD" hive="HKEY_CURRENT_USER" key="Software\Microsoft\Windows\CurrentVersion\Internet Settings\Zones\2" name="1400" value="00000000"/><Reg id="AllowClipboardTrusted" disabled="1" type="REG_DWORD" hive="HKEY_CURRENT_USER" key="Software\Microsoft\Windows\CurrentVersion\Internet Settings\Zones\2" name="1407" value="00000001"/><Reg id="AllowStatusBarTrusted" disabled="1" type="REG_DWORD" hive="HKEY_CURRENT_USER" key="Software\Microsoft\Windows\CurrentVersion\Internet Settings\Zones\2" name="2103" value="00000000"/><Reg id="PromptForInfoTrusted" disabled="1" type="REG_DWORD" hive="HKEY_CURRENT_USER" key="Software\Microsoft\Windows\CurrentVersion\Internet Settings\Zones\2" name="2105" value="00000000"/><Reg id="EnableXSSFilterTrusted" disabled="1" type="REG_DWORD" hive="HKEY_CURRENT_USER" key="Software\Microsoft\Windows\CurrentVersion\Internet Settings\Zones\2" name="1409" value="00000000"/><Reg id="AppletScriptingTrusted" disabled="1" type="REG_DWORD" hive="HKEY_CURRENT_USER" key="Software\Microsoft\Windows\CurrentVersion\Internet Settings\Zones\2" name="1402" value="00000000"/><Reg id="LogonTrusted" disabled="1" type="REG_DWORD" hive="HKEY_CURRENT_USER" key="Software\Microsoft\Windows\CurrentVersion\Internet Settings\Zones\2" name="1A00" value="00020000"/><Reg id="Default1207Trusted" disabled="1" type="REG_DWORD" hive="HKEY_CURRENT_USER" key="Software\Microsoft\Windows\CurrentVersion\Internet Settings\Zones\2" name="1207" value="00000000"/><Reg id="Default1408Trusted" disabled="1" type="REG_DWORD" hive="HKEY_CURRENT_USER" key="Software\Microsoft\Windows\CurrentVersion\Internet Settings\Zones\2" name="1408" value="00000000"/><Reg id="Default140ATrusted" disabled="1" type="REG_DWORD" hive="HKEY_CURRENT_USER" key="Software\Microsoft\Windows\CurrentVersion\Internet Settings\Zones\2" name="140A" value="00000000"/><Reg id="Default1605Trusted" disabled="1" type="REG_DWORD" hive="HKEY_CURRENT_USER" key="Software\Microsoft\Windows\CurrentVersion\Internet Settings\Zones\2" name="1605" value="00000000"/><Reg id="Default160BTrusted" disabled="1" type="REG_DWORD" hive="HKEY_CURRENT_USER" key="Software\Microsoft\Windows\CurrentVersion\Internet Settings\Zones\2" name="160B" value="00000000"/><Reg id="Default180bTrusted" disabled="1" type="REG_DWORD" hive="HKEY_CURRENT_USER" key="Software\Microsoft\Windows\CurrentVersion\Internet Settings\Zones\2" name="180B" value="00000000"/><Reg id="Default1a02Trusted" disabled="1" type="REG_DWORD" hive="HKEY_CURRENT_USER" key="Software\Microsoft\Windows\CurrentVersion\Internet Settings\Zones\2" name="1A02" value="00000000"/><Reg id="Default1a03Trusted" disabled="1" type="REG_DWORD" hive="HKEY_CURRENT_USER" key="Software\Microsoft\Windows\CurrentVersion\Internet Settings\Zones\2" name="1A03" value="00000000"/><Reg id="Default1a05Trusted" disabled="1" type="REG_DWORD" hive="HKEY_CURRENT_USER" key="Software\Microsoft\Windows\CurrentVersion\Internet Settings\Zones\2" name="1A05" value="00000001"/><Reg id="Default1a06Trusted" disabled="1" type="REG_DWORD" hive="HKEY_CURRENT_USER" key="Software\Microsoft\Windows\CurrentVersion\Internet Settings\Zones\2" name="1A06" value="00000000"/><Reg id="Default1a10Trusted" disabled="1" type="REG_DWORD" hive="HKEY_CURRENT_USER" key="Software\Microsoft\Windows\CurrentVersion\Internet Settings\Zones\2" name="1A10" value="00000000"/><Reg id="Default1C00Trusted" disabled="1" type="REG_DWORD" hive="HKEY_CURRENT_USER" key="Software\Microsoft\Windows\CurrentVersion\Internet Settings\Zones\2" name="1C00" value="00010000"/><Reg id="Default2005Trusted" disabled="1" type="REG_DWORD" hive="HKEY_CURRENT_USER" key="Software\Microsoft\Windows\CurrentVersion\Internet Settings\Zones\2" name="2005" value="00000000"/><Reg id="Default2106Trusted" disabled="1" type="REG_DWORD" hive="HKEY_CURRENT_USER" key="Software\Microsoft\Windows\CurrentVersion\Internet Settings\Zones\2" name="2106" value="00000000"/><Reg id="Default2107Trusted" disabled="1" type="REG_DWORD" hive="HKEY_CURRENT_USER" key="Software\Microsoft\Windows\CurrentVersion\Internet Settings\Zones\2" name="2107" value="00000000"/><Reg id="Default2108Trusted" disabled="1" type="REG_DWORD" hive="HKEY_CURRENT_USER" key="Software\Microsoft\Windows\CurrentVersion\Internet Settings\Zones\2" name="2108" value="00000003"/><Reg id="Default2200Trusted" disabled="1" type="REG_DWORD" hive="HKEY_CURRENT_USER" key="Software\Microsoft\Windows\CurrentVersion\Internet Settings\Zones\2" name="2200" value="00000003"/><Reg id="Default2302Trusted" disabled="1" type="REG_DWORD" hive="HKEY_CURRENT_USER" key="Software\Microsoft\Windows\CurrentVersion\Internet Settings\Zones\2" name="2302" value="00000003"/><Reg id="Default2500Trusted" disabled="1" type="REG_DWORD" hive="HKEY_CURRENT_USER" key="Software\Microsoft\Windows\CurrentVersion\Internet Settings\Zones\2" name="2500" value="00000003"/><Reg id="Default2700Trusted" disabled="1" type="REG_DWORD" hive="HKEY_CURRENT_USER" key="Software\Microsoft\Windows\CurrentVersion\Internet Settings\Zones\2" name="2700" value="00000003"/><Reg id="Default2701Trusted" disabled="1" type="REG_DWORD" hive="HKEY_CURRENT_USER" key="Software\Microsoft\Windows\CurrentVersion\Internet Settings\Zones\2" name="2701" value="00000000"/><Reg id="Default2703Trusted" disabled="1" type="REG_DWORD" hive="HKEY_CURRENT_USER" key="Software\Microsoft\Windows\CurrentVersion\Internet Settings\Zones\2" name="2703" value="00000000"/><Reg id="Default2704Trusted" disabled="1" type="REG_DWORD" hive="HKEY_CURRENT_USER" key="Software\Microsoft\Windows\CurrentVersion\Internet Settings\Zones\2" name="2704" value="00000000"/><Reg id="Default2707Trusted" disabled="1" type="REG_DWORD" hive="HKEY_CURRENT_USER" key="Software\Microsoft\Windows\CurrentVersion\Internet Settings\Zones\2" name="2707" value="00000003"/><Reg id="CurrentLevelInternet" disabled="1" type="REG_DWORD" hive="HKEY_CURRENT_USER" key="Software\Microsoft\Windows\CurrentVersion\Internet Settings\Zones\3" name="CurrentLevel" value="00011500"/><Reg id="LooseXamlInternet" disabled="1" type="REG_DWORD" hive="HKEY_CURRENT_USER" key="Software\Microsoft\Windows\CurrentVersion\Internet Settings\Zones\3" name="2402" value="00000003"/><Reg id="XamlBrowserAppInternet" disabled="1" type="REG_DWORD" hive="HKEY_CURRENT_USER" key="Software\Microsoft\Windows\CurrentVersion\Internet Settings\Zones\3" name="2400" value="00000003"/><Reg id="XpsDocsInternet" disabled="1" type="REG_DWORD" hive="HKEY_CURRENT_USER" key="Software\Microsoft\Windows\CurrentVersion\Internet Settings\Zones\3" name="2401" value="00000000"/><Reg id="PermForManifestCompInternet" disabled="1" type="REG_DWORD" hive="HKEY_CURRENT_USER" key="Software\Microsoft\Windows\CurrentVersion\Internet Settings\Zones\3" name="2007" value="00010000"/><Reg id="NotSignedAuthenticodeInternet" disabled="1" type="REG_DWORD" hive="HKEY_CURRENT_USER" key="Software\Microsoft\Windows\CurrentVersion\Internet Settings\Zones\3" name="2004" value="00000000"/><Reg id="SignedAuthenticodeInternet" disabled="1" type="REG_DWORD" hive="HKEY_CURRENT_USER" key="Software\Microsoft\Windows\CurrentVersion\Internet Settings\Zones\3" name="2001" value="00000000"/><Reg id="AllowActiveXFilteringInternet" disabled="1" type="REG_DWORD" hive="HKEY_CURRENT_USER" key="Software\Microsoft\Windows\CurrentVersion\Internet Settings\Zones\3" name="2702" value="00000000"/><Reg id="ActiveXUnusedInternet" disabled="1" type="REG_DWORD" hive="HKEY_CURRENT_USER" key="Software\Microsoft\Windows\CurrentVersion\Internet Settings\Zones\3" name="1208" value="00000003"/><Reg id="ScriptletsInternet" disabled="1" type="REG_DWORD" hive="HKEY_CURRENT_USER" key="Software\Microsoft\Windows\CurrentVersion\Internet Settings\Zones\3" name="1209" value="00000003"/><Reg id="PromptActivXInternet" disabled="1" type="REG_DWORD" hive="HKEY_CURRENT_USER" key="Software\Microsoft\Windows\CurrentVersion\Internet Settings\Zones\3" name="2201" value="00000003"/><Reg id="BinaryScriptInternet" disabled="1" type="REG_DWORD" hive="HKEY_CURRENT_USER" key="Software\Microsoft\Windows\CurrentVersion\Internet Settings\Zones\3" name="2000" value="00000000"/><Reg id="ShowVideoAnimationInternet" disabled="1" type="REG_DWORD" hive="HKEY_CURRENT_USER" key="Software\Microsoft\Windows\CurrentVersion\Internet Settings\Zones\3" name="120A" value="00000003"/><Reg id="DownloadSignedActiveXInternet" disabled="1" type="REG_DWORD" hive="HKEY_CURRENT_USER" key="Software\Microsoft\Windows\CurrentVersion\Internet Settings\Zones\3" name="1001" value="00000001"/><Reg id="DownloadUnsignedActiveXInternet" disabled="1" type="REG_DWORD" hive="HKEY_CURRENT_USER" key="Software\Microsoft\Windows\CurrentVersion\Internet Settings\Zones\3" name="1004" value="00000003"/><Reg id="ScriptUnsafeActiveXInternet" disabled="1" type="REG_DWORD" hive="HKEY_CURRENT_USER" key="Software\Microsoft\Windows\CurrentVersion\Internet Settings\Zones\3" name="1201" value="00000003"/><Reg id="AllowOnlyApprovedDomainsActiveXInternet" disabled="1" type="REG_DWORD" hive="HKEY_CURRENT_USER" key="Software\Microsoft\Windows\CurrentVersion\Internet Settings\Zones\3" name="120B" value="00000003"/><Reg id="RunActiveXInternet" disabled="1" type="REG_DWORD" hive="HKEY_CURRENT_USER" key="Software\Microsoft\Windows\CurrentVersion\Internet Settings\Zones\3" name="1200" value="00000000"/><Reg id="ScriptSafeActiveXInternet" disabled="1" type="REG_DWORD" hive="HKEY_CURRENT_USER" key="Software\Microsoft\Windows\CurrentVersion\Internet Settings\Zones\3" name="1405" value="00000000"/><Reg id="FileDownloadInternet" disabled="1" type="REG_DWORD" hive="HKEY_CURRENT_USER" key="Software\Microsoft\Windows\CurrentVersion\Internet Settings\Zones\3" name="1803" value="00000000"/><Reg id="FontDownloadInternet" disabled="1" type="REG_DWORD" hive="HKEY_CURRENT_USER" key="Software\Microsoft\Windows\CurrentVersion\Internet Settings\Zones\3" name="1604" value="00000000"/><Reg id="FrameworkSetupInternet" disabled="1" type="REG_DWORD" hive="HKEY_CURRENT_USER" key="Software\Microsoft\Windows\CurrentVersion\Internet Settings\Zones\3" name="2600" value="00000000"/><Reg id="AccessDataAcrossDomainsInternet" disabled="1" type="REG_DWORD" hive="HKEY_CURRENT_USER" key="Software\Microsoft\Windows\CurrentVersion\Internet Settings\Zones\3" name="1406" value="00000003"/><Reg id="DragAcrossDomainsDiffWindowsInternet" disabled="1" type="REG_DWORD" hive="HKEY_CURRENT_USER" key="Software\Microsoft\Windows\CurrentVersion\Internet Settings\Zones\3" name="2709" value="00000003"/><Reg id="DragAcrossDomainsSameWindowInternet" disabled="1" type="REG_DWORD" hive="HKEY_CURRENT_USER" key="Software\Microsoft\Windows\CurrentVersion\Internet Settings\Zones\3" name="2708" value="00000003"/><Reg id="AllowMETAREFRESHInternet" disabled="1" type="REG_DWORD" hive="HKEY_CURRENT_USER" key="Software\Microsoft\Windows\CurrentVersion\Internet Settings\Zones\3" name="1608" value="00000000"/><Reg id="AllowScriptingInternet" disabled="1" type="REG_DWORD" hive="HKEY_CURRENT_USER" key="Software\Microsoft\Windows\CurrentVersion\Internet Settings\Zones\3" name="1206" value="00000003"/><Reg id="AllowScriptInitiatedWindowsInternet" disabled="1" type="REG_DWORD" hive="HKEY_CURRENT_USER" key="Software\Microsoft\Windows\CurrentVersion\Internet Settings\Zones\3" name="2102" value="00000003"/><Reg id="AllowRestrictedProtocolsInternet" disabled="1" type="REG_DWORD" hive="HKEY_CURRENT_USER" key="Software\Microsoft\Windows\CurrentVersion\Internet Settings\Zones\3" name="2300" value="00000001"/><Reg id="AllowNoAddressStatusInternet" disabled="1" type="REG_DWORD" hive="HKEY_CURRENT_USER" key="Software\Microsoft\Windows\CurrentVersion\Internet Settings\Zones\3" name="2104" value="00000003"/><Reg id="DisplayMixedContentInternet" disabled="1" type="REG_DWORD" hive="HKEY_CURRENT_USER" key="Software\Microsoft\Windows\CurrentVersion\Internet Settings\Zones\3" name="1609" value="00000001"/><Reg id="DontPromptForCertificateInternet" disabled="1" type="REG_DWORD" hive="HKEY_CURRENT_USER" key="Software\Microsoft\Windows\CurrentVersion\Internet Settings\Zones\3" name="1A04" value="00000003"/><Reg id="DragAndDropInternet" disabled="1" type="REG_DWORD" hive="HKEY_CURRENT_USER" key="Software\Microsoft\Windows\CurrentVersion\Internet Settings\Zones\3" name="1802" value="00000000"/><Reg id="EnableMIMESniffingInternet" disabled="1" type="REG_DWORD" hive="HKEY_CURRENT_USER" key="Software\Microsoft\Windows\CurrentVersion\Internet Settings\Zones\3" name="2100" value="00000000"/><Reg id="LocalDirOnULInternet" disabled="1" type="REG_DWORD" hive="HKEY_CURRENT_USER" key="Software\Microsoft\Windows\CurrentVersion\Internet Settings\Zones\3" name="160A" value="00000003"/><Reg id="AppsUnsafeFilesInternet" disabled="1" type="REG_DWORD" hive="HKEY_CURRENT_USER" key="Software\Microsoft\Windows\CurrentVersion\Internet Settings\Zones\3" name="1806" value="00000001"/><Reg id="LaunchProgramsInIFRAMEInternet" disabled="1" type="REG_DWORD" hive="HKEY_CURRENT_USER" key="Software\Microsoft\Windows\CurrentVersion\Internet Settings\Zones\3" name="1804" value="00000001"/><Reg id="NavigateSubFramesAcrossDomainsInternet" disabled="1" type="REG_DWORD" hive="HKEY_CURRENT_USER" key="Software\Microsoft\Windows\CurrentVersion\Internet Settings\Zones\3" name="1607" value="00000003"/><Reg id="RenderLegacyFiltersInternet" disabled="1" type="REG_DWORD" hive="HKEY_CURRENT_USER" key="Software\Microsoft\Windows\CurrentVersion\Internet Settings\Zones\3" name="270B" value="00000003"/><Reg id="SubmitNonEncryptedFormInternet" disabled="1" type="REG_DWORD" hive="HKEY_CURRENT_USER" key="Software\Microsoft\Windows\CurrentVersion\Internet Settings\Zones\3" name="1601" value="00000000"/><Reg id="UsePhishingInternet" disabled="1" type="REG_DWORD" hive="HKEY_CURRENT_USER" key="Software\Microsoft\Windows\CurrentVersion\Internet Settings\Zones\3" name="2301" value="00000000"/><Reg id="UsePopUpBlockerInternet" disabled="1" type="REG_DWORD" hive="HKEY_CURRENT_USER" key="Software\Microsoft\Windows\CurrentVersion\Internet Settings\Zones\3" name="1809" value="00000000"/><Reg id="UserdataPersistenceInternet" disabled="1" type="REG_DWORD" hive="HKEY_CURRENT_USER" key="Software\Microsoft\Windows\CurrentVersion\Internet Settings\Zones\3" name="1606" value="00000000"/><Reg id="LessPrivilegedWebsitesInternet" disabled="1" type="REG_DWORD" hive="HKEY_CURRENT_USER" key="Software\Microsoft\Windows\CurrentVersion\Internet Settings\Zones\3" name="2101" value="00000000"/><Reg id="ActiveScriptingInternet" disabled="1" type="REG_DWORD" hive="HKEY_CURRENT_USER" key="Software\Microsoft\Windows\CurrentVersion\Internet Settings\Zones\3" name="1400" value="00000000"/><Reg id="AllowClipboardInternet" disabled="1" type="REG_DWORD" hive="HKEY_CURRENT_USER" key="Software\Microsoft\Windows\CurrentVersion\Internet Settings\Zones\3" name="1407" value="00000001"/><Reg id="AllowStatusBarInternet" disabled="1" type="REG_DWORD" hive="HKEY_CURRENT_USER" key="Software\Microsoft\Windows\CurrentVersion\Internet Settings\Zones\3" name="2103" value="00000003"/><Reg id="PromptForInfoInternet" disabled="1" type="REG_DWORD" hive="HKEY_CURRENT_USER" key="Software\Microsoft\Windows\CurrentVersion\Internet Settings\Zones\3" name="2105" value="00000003"/><Reg id="EnableXSSFilterInternet" disabled="1" type="REG_DWORD" hive="HKEY_CURRENT_USER" key="Software\Microsoft\Windows\CurrentVersion\Internet Settings\Zones\3" name="1409" value="00000000"/><Reg id="AppletScriptingInternet" disabled="1" type="REG_DWORD" hive="HKEY_CURRENT_USER" key="Software\Microsoft\Windows\CurrentVersion\Internet Settings\Zones\3" name="1402" value="00000000"/><Reg id="LogonInternet" disabled="1" type="REG_DWORD" hive="HKEY_CURRENT_USER" key="Software\Microsoft\Windows\CurrentVersion\Internet Settings\Zones\3" name="1A00" value="00020000"/><Reg id="Default1207Internet" disabled="1" type="REG_DWORD" hive="HKEY_CURRENT_USER" key="Software\Microsoft\Windows\CurrentVersion\Internet Settings\Zones\3" name="1207" value="00000003"/><Reg id="Default1408Internet" disabled="1" type="REG_DWORD" hive="HKEY_CURRENT_USER" key="Software\Microsoft\Windows\CurrentVersion\Internet Settings\Zones\3" name="1408" value="00000003"/><Reg id="Default140AInternet" disabled="1" type="REG_DWORD" hive="HKEY_CURRENT_USER" key="Software\Microsoft\Windows\CurrentVersion\Internet Settings\Zones\3" name="140A" value="00000000"/><Reg id="Default1605Internet" disabled="1" type="REG_DWORD" hive="HKEY_CURRENT_USER" key="Software\Microsoft\Windows\CurrentVersion\Internet Settings\Zones\3" name="1605" value="00000000"/><Reg id="Default160BInternet" disabled="1" type="REG_DWORD" hive="HKEY_CURRENT_USER" key="Software\Microsoft\Windows\CurrentVersion\Internet Settings\Zones\3" name="160B" value="00000000"/><Reg id="Default180bInternet" disabled="1" type="REG_DWORD" hive="HKEY_CURRENT_USER" key="Software\Microsoft\Windows\CurrentVersion\Internet Settings\Zones\3" name="180B" value="00000000"/><Reg id="Default1a02Internet" disabled="1" type="REG_DWORD" hive="HKEY_CURRENT_USER" key="Software\Microsoft\Windows\CurrentVersion\Internet Settings\Zones\3" name="1A02" value="00000000"/><Reg id="Default1a03Internet" disabled="1" type="REG_DWORD" hive="HKEY_CURRENT_USER" key="Software\Microsoft\Windows\CurrentVersion\Internet Settings\Zones\3" name="1A03" value="00000000"/><Reg id="Default1a05Internet" disabled="1" type="REG_DWORD" hive="HKEY_CURRENT_USER" key="Software\Microsoft\Windows\CurrentVersion\Internet Settings\Zones\3" name="1A05" value="00000001"/><Reg id="Default1a06Internet" disabled="1" type="REG_DWORD" hive="HKEY_CURRENT_USER" key="Software\Microsoft\Windows\CurrentVersion\Internet Settings\Zones\3" name="1A06" value="00000000"/><Reg id="Default1a10Internet" disabled="1" type="REG_DWORD" hive="HKEY_CURRENT_USER" key="Software\Microsoft\Windows\CurrentVersion\Internet Settings\Zones\3" name="1A10" value="00000000"/><Reg id="Default1C00Internet" disabled="1" type="REG_DWORD" hive="HKEY_CURRENT_USER" key="Software\Microsoft\Windows\CurrentVersion\Internet Settings\Zones\3" name="1C00" value="00010000"/><Reg id="Default2005Internet" disabled="1" type="REG_DWORD" hive="HKEY_CURRENT_USER" key="Software\Microsoft\Windows\CurrentVersion\Internet Settings\Zones\3" name="2005" value="00000003"/><Reg id="Default2106Internet" disabled="1" type="REG_DWORD" hive="HKEY_CURRENT_USER" key="Software\Microsoft\Windows\CurrentVersion\Internet Settings\Zones\3" name="2106" value="00000000"/><Reg id="Default2107Internet" disabled="1" type="REG_DWORD" hive="HKEY_CURRENT_USER" key="Software\Microsoft\Windows\CurrentVersion\Internet Settings\Zones\3" name="2107" value="00000003"/><Reg id="Default2108Internet" disabled="1" type="REG_DWORD" hive="HKEY_CURRENT_USER" key="Software\Microsoft\Windows\CurrentVersion\Internet Settings\Zones\3" name="2108" value="00000003"/><Reg id="Default2200Internet" disabled="1" type="REG_DWORD" hive="HKEY_CURRENT_USER" key="Software\Microsoft\Windows\CurrentVersion\Internet Settings\Zones\3" name="2200" value="00000003"/><Reg id="Default2302Internet" disabled="1" type="REG_DWORD" hive="HKEY_CURRENT_USER" key="Software\Microsoft\Windows\CurrentVersion\Internet Settings\Zones\3" name="2302" value="00000003"/><Reg id="Default2500Internet" disabled="1" type="REG_DWORD" hive="HKEY_CURRENT_USER" key="Software\Microsoft\Windows\CurrentVersion\Internet Settings\Zones\3" name="2500" value="00000000"/><Reg id="Default2700Internet" disabled="1" type="REG_DWORD" hive="HKEY_CURRENT_USER" key="Software\Microsoft\Windows\CurrentVersion\Internet Settings\Zones\3" name="2700" value="00000000"/><Reg id="Default2701Internet" disabled="1" type="REG_DWORD" hive="HKEY_CURRENT_USER" key="Software\Microsoft\Windows\CurrentVersion\Internet Settings\Zones\3" name="2701" value="00000000"/><Reg id="Default2703Internet" disabled="1" type="REG_DWORD" hive="HKEY_CURRENT_USER" key="Software\Microsoft\Windows\CurrentVersion\Internet Settings\Zones\3" name="2703" value="00000003"/><Reg id="Default2704Internet" disabled="1" type="REG_DWORD" hive="HKEY_CURRENT_USER" key="Software\Microsoft\Windows\CurrentVersion\Internet Settings\Zones\3" name="2704" value="00000000"/><Reg id="Default2707Internet" disabled="1" type="REG_DWORD" hive="HKEY_CURRENT_USER" key="Software\Microsoft\Windows\CurrentVersion\Internet Settings\Zones\3" name="2707" value="00000000"/><Reg id="CurrentLevelRestricted" disabled="1" type="REG_DWORD" hive="HKEY_CURRENT_USER" key="Software\Microsoft\Windows\CurrentVersion\Internet Settings\Zones\4" name="CurrentLevel" value="00012000"/><Reg id="LooseXamlRestricted" disabled="1" type="REG_DWORD" hive="HKEY_CURRENT_USER" key="Software\Microsoft\Windows\CurrentVersion\Internet Settings\Zones\4" name="2402" value="00000003"/><Reg id="XamlBrowserAppRestricted" disabled="1" type="REG_DWORD" hive="HKEY_CURRENT_USER" key="Software\Microsoft\Windows\CurrentVersion\Internet Settings\Zones\4" name="2400" value="00000003"/><Reg id="XpsDocsRestricted" disabled="1" type="REG_DWORD" hive="HKEY_CURRENT_USER" key="Software\Microsoft\Windows\CurrentVersion\Internet Settings\Zones\4" name="2401" value="00000003"/><Reg id="PermForManifestCompRestricted" disabled="1" type="REG_DWORD" hive="HKEY_CURRENT_USER" key="Software\Microsoft\Windows\CurrentVersion\Internet Settings\Zones\4" name="2007" value="00000003"/><Reg id="NotSignedAuthenticodeRestricted" disabled="1" type="REG_DWORD" hive="HKEY_CURRENT_USER" key="Software\Microsoft\Windows\CurrentVersion\Internet Settings\Zones\4" name="2004" value="00000003"/><Reg id="SignedAuthenticodeRestricted" disabled="1" type="REG_DWORD" hive="HKEY_CURRENT_USER" key="Software\Microsoft\Windows\CurrentVersion\Internet Settings\Zones\4" name="2001" value="00000003"/><Reg id="AllowActiveXFilteringRestricted" disabled="1" type="REG_DWORD" hive="HKEY_CURRENT_USER" key="Software\Microsoft\Windows\CurrentVersion\Internet Settings\Zones\4" name="2702" value="00000000"/><Reg id="ActiveXUnusedRestricted" disabled="1" type="REG_DWORD" hive="HKEY_CURRENT_USER" key="Software\Microsoft\Windows\CurrentVersion\Internet Settings\Zones\4" name="1208" value="00000003"/><Reg id="ScriptletsRestricted" disabled="1" type="REG_DWORD" hive="HKEY_CURRENT_USER" key="Software\Microsoft\Windows\CurrentVersion\Internet Settings\Zones\4" name="1209" value="00000003"/><Reg id="PromptActivXRestricted" disabled="1" type="REG_DWORD" hive="HKEY_CURRENT_USER" key="Software\Microsoft\Windows\CurrentVersion\Internet Settings\Zones\4" name="2201" value="00000003"/><Reg id="BinaryScriptRestricted" disabled="1" type="REG_DWORD" hive="HKEY_CURRENT_USER" key="Software\Microsoft\Windows\CurrentVersion\Internet Settings\Zones\4" name="2000" value="00000003"/><Reg id="ShowVideoAnimationRestricted" disabled="1" type="REG_DWORD" hive="HKEY_CURRENT_USER" key="Software\Microsoft\Windows\CurrentVersion\Internet Settings\Zones\4" name="120A" value="00000003"/><Reg id="DownloadSignedActiveXRestricted" disabled="1" type="REG_DWORD" hive="HKEY_CURRENT_USER" key="Software\Microsoft\Windows\CurrentVersion\Internet Settings\Zones\4" name="1001" value="00000003"/><Reg id="DownloadUnsignedActiveXRestricted" disabled="1" type="REG_DWORD" hive="HKEY_CURRENT_USER" key="Software\Microsoft\Windows\CurrentVersion\Internet Settings\Zones\4" name="1004" value="00000003"/><Reg id="ScriptUnsafeActiveXRestricted" disabled="1" type="REG_DWORD" hive="HKEY_CURRENT_USER" key="Software\Microsoft\Windows\CurrentVersion\Internet Settings\Zones\4" name="1201" value="00000003"/><Reg id="AllowOnlyApprovedDomainsActiveXRestricted" disabled="1" type="REG_DWORD" hive="HKEY_CURRENT_USER" key="Software\Microsoft\Windows\CurrentVersion\Internet Settings\Zones\4" name="120B" value="00000003"/><Reg id="RunActiveXRestricted" disabled="1" type="REG_DWORD" hive="HKEY_CURRENT_USER" key="Software\Microsoft\Windows\CurrentVersion\Internet Settings\Zones\4" name="1200" value="00000003"/><Reg id="ScriptSafeActiveXRestricted" disabled="1" type="REG_DWORD" hive="HKEY_CURRENT_USER" key="Software\Microsoft\Windows\CurrentVersion\Internet Settings\Zones\4" name="1405" value="00000003"/><Reg id="FileDownloadRestricted" disabled="1" type="REG_DWORD" hive="HKEY_CURRENT_USER" key="Software\Microsoft\Windows\CurrentVersion\Internet Settings\Zones\4" name="1803" value="00000003"/><Reg id="FontDownloadRestricted" disabled="1" type="REG_DWORD" hive="HKEY_CURRENT_USER" key="Software\Microsoft\Windows\CurrentVersion\Internet Settings\Zones\4" name="1604" value="00000003"/><Reg id="FrameworkSetupRestricted" disabled="1" type="REG_DWORD" hive="HKEY_CURRENT_USER" key="Software\Microsoft\Windows\CurrentVersion\Internet Settings\Zones\4" name="2600" value="00000003"/><Reg id="AccessDataAcrossDomainsRestricted" disabled="1" type="REG_DWORD" hive="HKEY_CURRENT_USER" key="Software\Microsoft\Windows\CurrentVersion\Internet Settings\Zones\4" name="1406" value="00000003"/><Reg id="DragAcrossDomainsDiffWindowsRestricted" disabled="1" type="REG_DWORD" hive="HKEY_CURRENT_USER" key="Software\Microsoft\Windows\CurrentVersion\Internet Settings\Zones\4" name="2709" value="00000003"/><Reg id="DragAcrossDomainsSameWindowRestricted" disabled="1" type="REG_DWORD" hive="HKEY_CURRENT_USER" key="Software\Microsoft\Windows\CurrentVersion\Internet Settings\Zones\4" name="2708" value="00000003"/><Reg id="AllowMETAREFRESHRestricted" disabled="1" type="REG_DWORD" hive="HKEY_CURRENT_USER" key="Software\Microsoft\Windows\CurrentVersion\Internet Settings\Zones\4" name="1608" value="00000003"/><Reg id="AllowScriptingRestricted" disabled="1" type="REG_DWORD" hive="HKEY_CURRENT_USER" key="Software\Microsoft\Windows\CurrentVersion\Internet Settings\Zones\4" name="1206" value="00000003"/><Reg id="AllowScriptInitiatedWindowsRestricted" disabled="1" type="REG_DWORD" hive="HKEY_CURRENT_USER" key="Software\Microsoft\Windows\CurrentVersion\Internet Settings\Zones\4" name="2102" value="00000003"/><Reg id="AllowRestrictedProtocolsRestricted" disabled="1" type="REG_DWORD" hive="HKEY_CURRENT_USER" key="Software\Microsoft\Windows\CurrentVersion\Internet Settings\Zones\4" name="2300" value="00000003"/><Reg id="AllowNoAddressStatusRestricted" disabled="1" type="REG_DWORD" hive="HKEY_CURRENT_USER" key="Software\Microsoft\Windows\CurrentVersion\Internet Settings\Zones\4" name="2104" value="00000003"/><Reg id="DisplayMixedContentRestricted" disabled="1" type="REG_DWORD" hive="HKEY_CURRENT_USER" key="Software\Microsoft\Windows\CurrentVersion\Internet Settings\Zones\4" name="1609" value="00000001"/><Reg id="DontPromptForCertificateRestricted" disabled="1" type="REG_DWORD" hive="HKEY_CURRENT_USER" key="Software\Microsoft\Windows\CurrentVersion\Internet Settings\Zones\4" name="1A04" value="00000003"/><Reg id="DragAndDropRestricted" disabled="1" type="REG_DWORD" hive="HKEY_CURRENT_USER" key="Software\Microsoft\Windows\CurrentVersion\Internet Settings\Zones\4" name="1802" value="00000001"/><Reg id="EnableMIMESniffingRestricted" disabled="1" type="REG_DWORD" hive="HKEY_CURRENT_USER" key="Software\Microsoft\Windows\CurrentVersion\Internet Settings\Zones\4" name="2100" value="00000003"/><Reg id="LocalDirOnULRestricted" disabled="1" type="REG_DWORD" hive="HKEY_CURRENT_USER" key="Software\Microsoft\Windows\CurrentVersion\Internet Settings\Zones\4" name="160A" value="00000003"/><Reg id="AppsUnsafeFilesRestricted" disabled="1" type="REG_DWORD" hive="HKEY_CURRENT_USER" key="Software\Microsoft\Windows\CurrentVersion\Internet Settings\Zones\4" name="1806" value="00000001"/><Reg id="LaunchProgramsInIFRAMERestricted" disabled="1" type="REG_DWORD" hive="HKEY_CURRENT_USER" key="Software\Microsoft\Windows\CurrentVersion\Internet Settings\Zones\4" name="1804" value="00000003"/><Reg id="NavigateSubFramesAcrossDomainsRestricted" disabled="1" type="REG_DWORD" hive="HKEY_CURRENT_USER" key="Software\Microsoft\Windows\CurrentVersion\Internet Settings\Zones\4" name="1607" value="00000003"/><Reg id="RenderLegacyFiltersRestricted" disabled="1" type="REG_DWORD" hive="HKEY_CURRENT_USER" key="Software\Microsoft\Windows\CurrentVersion\Internet Settings\Zones\4" name="270B" value="00000003"/><Reg id="SubmitNonEncryptedFormRestricted" disabled="1" type="REG_DWORD" hive="HKEY_CURRENT_USER" key="Software\Microsoft\Windows\CurrentVersion\Internet Settings\Zones\4" name="1601" value="00000001"/><Reg id="UsePhishingRestricted" disabled="1" type="REG_DWORD" hive="HKEY_CURRENT_USER" key="Software\Microsoft\Windows\CurrentVersion\Internet Settings\Zones\4" name="2301" value="00000000"/><Reg id="UsePopUpBlockerRestricted" disabled="1" type="REG_DWORD" hive="HKEY_CURRENT_USER" key="Software\Microsoft\Windows\CurrentVersion\Internet Settings\Zones\4" name="1809" value="00000000"/><Reg id="UserdataPersistenceRestricted" disabled="1" type="REG_DWORD" hive="HKEY_CURRENT_USER" key="Software\Microsoft\Windows\CurrentVersion\Internet Settings\Zones\4" name="1606" value="00000003"/><Reg id="LessPrivilegedWebsitesRestricted" disabled="1" type="REG_DWORD" hive="HKEY_CURRENT_USER" key="Software\Microsoft\Windows\CurrentVersion\Internet Settings\Zones\4" name="2101" value="00000003"/><Reg id="ActiveScriptingRestricted" disabled="1" type="REG_DWORD" hive="HKEY_CURRENT_USER" key="Software\Microsoft\Windows\CurrentVersion\Internet Settings\Zones\4" name="1400" value="00000003"/><Reg id="AllowClipboardRestricted" disabled="1" type="REG_DWORD" hive="HKEY_CURRENT_USER" key="Software\Microsoft\Windows\CurrentVersion\Internet Settings\Zones\4" name="1407" value="00000003"/><Reg id="AllowStatusBarRestricted" disabled="1" type="REG_DWORD" hive="HKEY_CURRENT_USER" key="Software\Microsoft\Windows\CurrentVersion\Internet Settings\Zones\4" name="2103" value="00000003"/><Reg id="PromptForInfoRestricted" disabled="1" type="REG_DWORD" hive="HKEY_CURRENT_USER" key="Software\Microsoft\Windows\CurrentVersion\Internet Settings\Zones\4" name="2105" value="00000003"/><Reg id="EnableXSSFilterRestricted" disabled="1" type="REG_DWORD" hive="HKEY_CURRENT_USER" key="Software\Microsoft\Windows\CurrentVersion\Internet Settings\Zones\4" name="1409" value="00000000"/><Reg id="AppletScriptingRestricted" disabled="1" type="REG_DWORD" hive="HKEY_CURRENT_USER" key="Software\Microsoft\Windows\CurrentVersion\Internet Settings\Zones\4" name="1402" value="00000003"/><Reg id="LogonRestricted" disabled="1" type="REG_DWORD" hive="HKEY_CURRENT_USER" key="Software\Microsoft\Windows\CurrentVersion\Internet Settings\Zones\4" name="1A00" value="00010000"/><Reg id="Default1207Restricted" disabled="1" type="REG_DWORD" hive="HKEY_CURRENT_USER" key="Software\Microsoft\Windows\CurrentVersion\Internet Settings\Zones\4" name="1207" value="00000003"/><Reg id="Default1408Restricted" disabled="1" type="REG_DWORD" hive="HKEY_CURRENT_USER" key="Software\Microsoft\Windows\CurrentVersion\Internet Settings\Zones\4" name="1408" value="00000003"/><Reg id="Default140ARestricted" disabled="1" type="REG_DWORD" hive="HKEY_CURRENT_USER" key="Software\Microsoft\Windows\CurrentVersion\Internet Settings\Zones\4" name="140A" value="00000000"/><Reg id="Default1605Restricted" disabled="1" type="REG_DWORD" hive="HKEY_CURRENT_USER" key="Software\Microsoft\Windows\CurrentVersion\Internet Settings\Zones\4" name="1605" value="00000000"/><Reg id="Default160BRestricted" disabled="1" type="REG_DWORD" hive="HKEY_CURRENT_USER" key="Software\Microsoft\Windows\CurrentVersion\Internet Settings\Zones\4" name="160B" value="00000000"/><Reg id="Default180bRestricted" disabled="1" type="REG_DWORD" hive="HKEY_CURRENT_USER" key="Software\Microsoft\Windows\CurrentVersion\Internet Settings\Zones\4" name="180B" value="00000001"/><Reg id="Default1a02Restricted" disabled="1" type="REG_DWORD" hive="HKEY_CURRENT_USER" key="Software\Microsoft\Windows\CurrentVersion\Internet Settings\Zones\4" name="1A02" value="00000003"/><Reg id="Default1a03Restricted" disabled="1" type="REG_DWORD" hive="HKEY_CURRENT_USER" key="Software\Microsoft\Windows\CurrentVersion\Internet Settings\Zones\4" name="1A03" value="00000003"/><Reg id="Default1a05Restricted" disabled="1" type="REG_DWORD" hive="HKEY_CURRENT_USER" key="Software\Microsoft\Windows\CurrentVersion\Internet Settings\Zones\4" name="1A05" value="00000003"/><Reg id="Default1a06Restricted" disabled="1" type="REG_DWORD" hive="HKEY_CURRENT_USER" key="Software\Microsoft\Windows\CurrentVersion\Internet Settings\Zones\4" name="1A06" value="00000003"/><Reg id="Default1a10Restricted" disabled="1" type="REG_DWORD" hive="HKEY_CURRENT_USER" key="Software\Microsoft\Windows\CurrentVersion\Internet Settings\Zones\4" name="1A10" value="00000001"/><Reg id="Default1C00Restricted" disabled="1" type="REG_DWORD" hive="HKEY_CURRENT_USER" key="Software\Microsoft\Windows\CurrentVersion\Internet Settings\Zones\4" name="1C00" value="00000000"/><Reg id="Default2005Restricted" disabled="1" type="REG_DWORD" hive="HKEY_CURRENT_USER" key="Software\Microsoft\Windows\CurrentVersion\Internet Settings\Zones\4" name="2005" value="00000003"/><Reg id="Default2106Restricted" disabled="1" type="REG_DWORD" hive="HKEY_CURRENT_USER" key="Software\Microsoft\Windows\CurrentVersion\Internet Settings\Zones\4" name="2106" value="00000003"/><Reg id="Default2107Restricted" disabled="1" type="REG_DWORD" hive="HKEY_CURRENT_USER" key="Software\Microsoft\Windows\CurrentVersion\Internet Settings\Zones\4" name="2107" value="00000003"/><Reg id="Default2108Restricted" disabled="1" type="REG_DWORD" hive="HKEY_CURRENT_USER" key="Software\Microsoft\Windows\CurrentVersion\Internet Settings\Zones\4" name="2108" value="00000003"/><Reg id="Default2200Restricted" disabled="1" type="REG_DWORD" hive="HKEY_CURRENT_USER" key="Software\Microsoft\Windows\CurrentVersion\Internet Settings\Zones\4" name="2200" value="00000003"/><Reg id="Default2302Restricted" disabled="1" type="REG_DWORD" hive="HKEY_CURRENT_USER" key="Software\Microsoft\Windows\CurrentVersion\Internet Settings\Zones\4" name="2302" value="00000003"/><Reg id="Default2500Restricted" disabled="1" type="REG_DWORD" hive="HKEY_CURRENT_USER" key="Software\Microsoft\Windows\CurrentVersion\Internet Settings\Zones\4" name="2500" value="00000000"/><Reg id="Default2700Restricted" disabled="1" type="REG_DWORD" hive="HKEY_CURRENT_USER" key="Software\Microsoft\Windows\CurrentVersion\Internet Settings\Zones\4" name="2700" value="00000000"/><Reg id="Default2701Restricted" disabled="1" type="REG_DWORD" hive="HKEY_CURRENT_USER" key="Software\Microsoft\Windows\CurrentVersion\Internet Settings\Zones\4" name="2701" value="00000003"/><Reg id="Default2703Restricted" disabled="1" type="REG_DWORD" hive="HKEY_CURRENT_USER" key="Software\Microsoft\Windows\CurrentVersion\Internet Settings\Zones\4" name="2703" value="00000003"/><Reg id="Default2704Restricted" disabled="1" type="REG_DWORD" hive="HKEY_CURRENT_USER" key="Software\Microsoft\Windows\CurrentVersion\Internet Settings\Zones\4" name="2704" value="00000003"/><Reg id="Default2707Restricted" disabled="1" type="REG_DWORD" hive="HKEY_CURRENT_USER" key="Software\Microsoft\Windows\CurrentVersion\Internet Settings\Zones\4" name="2707" value="00000003"/><Reg id="TurnOnPopupBlocker" disabled="1" type="REG_DWORD" hive="HKEY_CURRENT_USER" key="Software\Microsoft\Internet Explorer\New Windows" name="PopupMgr" value="1"/><Reg id="DisableLocationReport" disabled="1" type="REG_DWORD" hive="HKEY_CURRENT_USER" key="Software\Microsoft\Internet Explorer\Geolocation" name="BlockAllWebsites" value="0"/><Reg id="DisableToolbarsInPrivate" disabled="1" type="REG_DWORD" hive="HKEY_CURRENT_USER" key="Software\Microsoft\Internet Explorer\Safety\PrivacIE" name="DisableToolbars" value="1"/><Reg id="EnableAutodial" disabled="1" type="REG_DWORD" hive="HKEY_CURRENT_USER" key="Software\Microsoft\Windows\CurrentVersion\Internet Settings" name="EnableAutodial" value="0"/><Reg id="NoNetAutodial" disabled="1" type="REG_DWORD" hive="HKEY_CURRENT_USER" key="Software\Microsoft\Windows\CurrentVersion\Internet Settings" name="NoNetAutodial" value="0"/><Reg id="UseSoftwareRendering" disabled="1" type="REG_DWORD" hive="HKEY_CURRENT_USER" key="Software\Microsoft\Internet Explorer\Main" name="UseSWRender" value="00000001"/><Reg id="AutoRecoverPageLayout" disabled="1" type="REG_DWORD" hive="HKEY_CURRENT_USER" key="Software\Microsoft\Internet Explorer\BrowserEmulation" name="AutomaticLayoutRecovery" value="00000001"/><Reg id="AlwaysExpandALTText" disabled="1" type="REG_SZ" hive="HKEY_CURRENT_USER" key="Software\Microsoft\Internet Explorer\Main" name="Expand Alt Text" value="no"/><Reg id="EnableCaretBrowsing" disabled="1" type="REG_DWORD" hive="HKEY_CURRENT_USER" key="Software\Microsoft\Internet Explorer\CaretBrowsing" name="EnableOnStartup" value="00000000"/><Reg id="MoveSystemCaret" disabled="1" type="REG_SZ" hive="HKEY_CURRENT_USER" key="Software\Microsoft\Internet Explorer\Main" name="Move System Caret" value="no"/><Reg id="PlaySystemSounds" disabled="1" type="REG_DWORD" hive="HKEY_CURRENT_USER" key="Software\Microsoft\Internet Explorer\Main" name="PlaySounds" value="00000000"/><Reg id="ResetTextSizeOnStartup" disabled="1" type="REG_DWORD" hive="HKEY_CURRENT_USER" key="Software\Microsoft\Internet Explorer\Zoom" name="ResetTextSizeOnStartup" value="00000000"/><Reg id="ResetZoomOnStartup" disabled="1" type="REG_DWORD" hive="HKEY_CURRENT_USER" key="Software\Microsoft\Internet Explorer\Zoom" name="ResetZoomOnStartup2" value="00000000"/><Reg id="CloseUnusedFolders" disabled="1" type="REG_DWORD" hive="HKEY_CURRENT_USER" key="Software\Microsoft\Internet Explorer\Main" name="NscSingleExpand" value="00000000"/><Reg id="DisableScriptDebuggingIE" disabled="1" type="REG_SZ" hive="HKEY_CURRENT_USER" key="Software\Microsoft\Internet Explorer\Main" name="DisableScriptDebuggerIE" value="yes"/><Reg id="DisableScriptDebugging" disabled="1" type="REG_SZ" hive="HKEY_CURRENT_USER" key="Software\Microsoft\Internet Explorer\Main" name="Disable Script Debugger" value="yes"/><Reg id="DisplayErrorNotification" disabled="1" type="REG_SZ" hive="HKEY_CURRENT_USER" key="Software\Microsoft\Internet Explorer\Main" name="Error Dlg Displayed On Every Error" value="no"/><Reg id="DisplayAccBtn" disabled="1" type="REG_DWORD" hive="HKEY_CURRENT_USER" key="Software\Microsoft\Internet Explorer\Services" name="SelectionActivityButtonDisable" value="00000001"/><Reg id="EnableAutoRecover" disabled="1" type="REG_DWORD" hive="HKEY_CURRENT_USER" key="Software\Microsoft\Internet Explorer\Recovery" name="AutoRecover" value="00000000"/><Reg id="EnableFlipAhead" disabled="1" type="REG_DWORD" hive="HKEY_CURRENT_USER" key="Software\Microsoft\Internet Explorer\FlipAhead" name="Enabled" value="00000000"/><Reg id="FTPFolderView" disabled="1" type="REG_SZ" hive="HKEY_CURRENT_USER" key="Software\Microsoft\Ftp" name="Use Web Based FTP" value="no"/><Reg id="EnableSuggestedSites" disabled="1" type="REG_DWORD" hive="HKEY_CURRENT_USER" key="Software\Microsoft\Internet Explorer\Suggested Sites" name="Enabled" value="00000000"/><Reg id="UseThemes" disabled="1" type="REG_DWORD" hive="HKEY_CURRENT_USER" key="Software\Microsoft\Internet Explorer\Main" name="UseThemes" value="00000001"/><Reg id="3rdPartyExtensions" disabled="1" type="REG_SZ" hive="HKEY_CURRENT_USER" key="Software\Microsoft\Internet Explorer\Main" name="Enable Browser Extensions" value="no"/><Reg id="EnableSearchPane" disabled="1" type="REG_DWORD" hive="HKEY_CURRENT_USER" key="Software\Microsoft\Internet Explorer\Main" name="EnableSearchPane" value="00000000"/><Reg id="IntranetSingleWord" disabled="1" type="REG_DWORD" hive="HKEY_CURRENT_USER" key="Software\Microsoft\Internet Explorer\Main" name="GotoIntranetSiteForSingleWordEntry" value="00000000"/><Reg id="NotifyDownloadComplete" disabled="1" type="REG_SZ" hive="HKEY_CURRENT_USER" key="Software\Microsoft\Internet Explorer\Main" name="NotifyDownloadComplete" value="yes"/><Reg id="ReuseWindows" disabled="1" type="REG_DWORD" hive="HKEY_CURRENT_USER" key="Software\Microsoft\Internet Explorer\Main" name="AllowWindowReuse" value="00000001"/><Reg id="ShowFriendlyHTTP" disabled="1" type="REG_SZ" hive="HKEY_CURRENT_USER" key="Software\Microsoft\Internet Explorer\Main" name="Friendly http errors" value="yes"/><Reg id="TellMeIENotDefault" disabled="1" type="REG_SZ" hive="HKEY_CURRENT_USER" key="Software\Microsoft\Internet Explorer\Main" name="Check_Associations" value="yes"/><Reg id="UnderlineLinks" disabled="1" type="REG_SZ" hive="HKEY_CURRENT_USER" key="Software\Microsoft\Internet Explorer\Main" name="Anchor Underline" value="yes"/><Reg id="InlineAutoComplete" disabled="1" type="REG_SZ" hive="HKEY_CURRENT_USER" key="Software\Microsoft\Windows\CurrentVersion\Explorer\AutoComplete" name="Append Completion" value="yes"/><Reg id="InlineAutoComplete2" disabled="1" type="REG_SZ" hive="HKEY_CURRENT_USER" key="Software\Microsoft\Internet Explorer\AutoComplete" name="Append Completion" value="no"/><Reg id="UseMRUSwitching" disabled="1" type="REG_SZ" hive="HKEY_CURRENT_USER" key="Software\Microsoft\Internet Explorer\TabbedBrowsing" name="UseMRUSwitching" value="no"/><Reg id="PassiveFTP" disabled="1" type="REG_SZ" hive="HKEY_CURRENT_USER" key="Software\Microsoft\Ftp" name="Use PASV" value="yes"/><Reg id="SmoothScrolling" disabled="1" type="REG_DWORD" hive="HKEY_CURRENT_USER" key="Software\Microsoft\Internet Explorer\Main" name="SmoothScroll" value="00000001"/><Reg id="HTTP1_1" disabled="1" type="REG_DWORD" hive="HKEY_CURRENT_USER" key="Software\Microsoft\Windows\CurrentVersion\Internet Settings" name="EnableHTTP1_1" value="00000001"/><Reg id="HTTP1_1ThroughProxy" disabled="1" type="REG_DWORD" hive="HKEY_CURRENT_USER" key="Software\Microsoft\Windows\CurrentVersion\Internet Settings" name="ProxyHTTP1.1" value="00000001"/><Reg id="ShowPunycode" disabled="1" type="REG_DWORD" hive="HKEY_CURRENT_USER" key="Software\Microsoft\Windows\CurrentVersion\Internet Settings" name="ShowPunycode" value="00000000"/><Reg id="EnablePunycode" type="REG_DWORD" hive="HKEY_CURRENT_USER" key="Software\Microsoft\Windows\CurrentVersion\Internet Settings" name="EnablePunycode" defaultValue="00000001" bitfield="1" aggregateValue="00000000" aggregateMask="00000000"><SubProp id="EnablePunycodeGlobal" disabled="1" value="00000001" mask="00000001"/><SubProp id="EnablePunycodeIntranet" disabled="1" value="00000000" mask="00000002"/></Reg><Reg id="UrlEncoding" disabled="1" type="REG_DWORD" hive="HKEY_CURRENT_USER" key="Software\Microsoft\Windows\CurrentVersion\Internet Settings" name="UrlEncoding" value="00000000"/><Reg id="DisableIDNPrompt" disabled="1" type="REG_DWORD" hive="HKEY_CURRENT_USER" key="Software\Microsoft\Windows\CurrentVersion\Internet Settings" name="DisableIDNPrompt" value="00000000"/><Reg id="UseAltCodecsHTML5" disabled="1" type="REG_SZ" hive="HKEY_CURRENT_USER" key="Software\Microsoft\Internet Explorer\Main" name="EnableAlternativeCodec" value="yes"/><Reg id="AutoImageResize" disabled="1" type="REG_SZ" hive="HKEY_CURRENT_USER" key="Software\Microsoft\Internet Explorer\Main" name="Enable AutoImageResize" value="yes"/><Reg id="PlayAnimations" disabled="1" type="REG_SZ" hive="HKEY_CURRENT_USER" key="Software\Microsoft\Internet Explorer\Main" name="Play_Animations" value="no"/><Reg id="PlaySounds" disabled="1" type="REG_SZ" hive="HKEY_CURRENT_USER" key="Software\Microsoft\Internet Explorer\Main" name="Play_Background_Sounds" value="no"/><Reg id="ImagePlaceholders" disabled="1" type="REG_DWORD" hive="HKEY_CURRENT_USER" key="Software\Microsoft\Internet Explorer\Main" name="Show image placeholders" value="00000000"/><Reg id="ShowPictures" disabled="1" type="REG_SZ" hive="HKEY_CURRENT_USER" key="Software\Microsoft\Internet Explorer\Main" name="Display Inline Images" value="yes"/><Reg id="LocalMachineCDUnlock" disabled="1" type="REG_DWORD" hive="HKEY_CURRENT_USER" key="SOFTWARE\Microsoft\Internet Explorer\Main\FeatureControl\FEATURE_LOCALMACHINE_LOCKDOWN\Settings" name="LOCALMACHINE_CD_UNLOCK" value="00000000"/><Reg id="LocalMachineFilesUnlock" disabled="1" type="REG_DWORD" hive="HKEY_CURRENT_USER" key="SOFTWARE\Microsoft\Internet Explorer\Main\FeatureControl\FEATURE_LOCALMACHINE_LOCKDOWN" name="iexplore.exe" value="00000001"/><Reg id="AlwaysSendDoNotTrack" disabled="1" type="REG_DWORD" hive="HKEY_CURRENT_USER" key="Software\Microsoft\Internet Explorer\Main" name="DoNotTrack" value="00000000"/><Reg id="RunInvalidSignatures" disabled="1" type="REG_DWORD" hive="HKEY_CURRENT_USER" key="SOFTWARE\Microsoft\Internet Explorer\Download" name="RunInvalidSignatures" value="00000000"/><Reg id="BlockUnsecureImages" disabled="1" type="REG_DWORD" hive="HKEY_CURRENT_USER" key="Software\Microsoft\Internet Explorer\Main" name="MixedContentBlockImages" value="00000000"/><Reg id="ServerCertRevocation" disabled="1" type="REG_DWORD" hive="HKEY_CURRENT_USER" key="Software\Microsoft\Windows\CurrentVersion\Internet Settings" name="CertificateRevocation" value="00000001"/><Reg id="CheckExeSignatures" disabled="1" type="REG_SZ" hive="HKEY_CURRENT_USER" key="SOFTWARE\Microsoft\Internet Explorer\Download" name="CheckExeSignatures" value="yes"/><Reg id="DoNotSaveEncrypted" disabled="1" type="REG_DWORD" hive="HKEY_CURRENT_USER" key="Software\Microsoft\Windows\CurrentVersion\Internet Settings" name="DisableCachingOfSSLPages" value="00000001"/><Reg id="EmptyTemporary" disabled="1" type="REG_DWORD" hive="HKEY_CURRENT_USER" key="Software\Microsoft\Windows\CurrentVersion\Internet Settings\Cache" name="Persistent" value="00000000"/><Reg id="EnableDOMStorage" disabled="1" type="REG_DWORD" hive="HKEY_CURRENT_USER" key="Software\Microsoft\Internet Explorer\Main" name="DOMStorage" value="00000001"/><Reg id="EnableMemProt" disabled="1" type="REG_DWORD" hive="HKEY_LOCAL_MACHINE" key="Software\Microsoft\Internet Explorer\Main" name="DEPOff" value="00000000"/><Reg id="EnableProtectedMode" disabled="1" type="REG_SZ" hive="HKEY_CURRENT_USER" key="Software\Microsoft\Internet Explorer\Main" name="Isolation" value="PMEM"/><Reg id="EnableIntegrated" disabled="1" type="REG_DWORD" hive="HKEY_CURRENT_USER" key="Software\Microsoft\Windows\CurrentVersion\Internet Settings" name="EnableNegotiate" value="00000001"/><Reg id="XmlHttp" disabled="1" type="REG_DWORD" hive="HKEY_CURRENT_USER" key="Software\Microsoft\Internet Explorer\Main" name="XMLHTTP" value="00000001"/><Reg id="PhishingFilter" disabled="1" type="REG_DWORD" hive="HKEY_CURRENT_USER" key="Software\Microsoft\Internet Explorer\PhishingFilter" name="EnabledV8" value="00000000"/><Reg id="PhishingFilter9" disabled="1" type="REG_DWORD" hive="HKEY_CURRENT_USER" key="Software\Microsoft\Internet Explorer\PhishingFilter" name="EnabledV9" value="00000000"/><Reg id="SecureProtocols" type="REG_DWORD" hive="HKEY_CURRENT_USER" key="Software\Microsoft\Windows\CurrentVersion\Internet Settings" name="SecureProtocols" defaultValue="000000A0" bitfield="1" aggregateValue="00000000" aggregateMask="00000000"><SubProp id="SecureProtocolsSsl2" disabled="1" value="00000000" mask="00000008"/><SubProp id="SecureProtocolsSsl3" disabled="1" value="00000020" mask="00000020"/><SubProp id="SecureProtocolsTls10" disabled="1" value="00000080" mask="00000080"/><SubProp id="SecureProtocolsTls11" disabled="1" value="00000000" mask="00000200"/><SubProp id="SecureProtocolsTls12" disabled="1" value="00000000" mask="00000800"/></Reg><Reg id="State" type="REG_DWORD" hive="HKEY_CURRENT_USER" key="Software\Microsoft\Windows\CurrentVersion\WinTrust\Trust Providers\Software Publishing" name="State" defaultValue="00023C00" bitfield="1" aggregateValue="00000000" aggregateMask="00000000"><SubProp id="PubCertRevocation" disabled="1" value="00000000" mask="00000200"/></Reg><Reg id="WarnOnBadCert" disabled="1" type="REG_DWORD" hive="HKEY_CURRENT_USER" key="Software\Microsoft\Windows\CurrentVersion\Internet Settings" name="WarnonBadCertRecving" value="00000001"/><Reg id="WarnChangeSecure" disabled="1" type="REG_DWORD" hive="HKEY_CURRENT_USER" key="Software\Microsoft\Windows\CurrentVersion\Internet Settings" name="WarnonZoneCrossing" value="00000001"/><Reg id="WarnPostRedirect" disabled="1" type="REG_DWORD" hive="HKEY_CURRENT_USER" key="Software\Microsoft\Windows\CurrentVersion\Internet Settings" name="WarnOnPostRedirect" value="00000001"/><Reg id="OpenTiles" disabled="1" type="REG_DWORD" hive="HKEY_CURRENT_USER" key="Software\Microsoft\Internet Explorer\Main" name="applicationtileimmersiveactivation" value="0"/><Reg id="OpenLinks" disabled="1" type="REG_DWORD" hive="HKEY_CURRENT_USER" key="Software\Microsoft\Internet Explorer\Main" name="associationactivationmode" value="00000002"/></Properties></IE10>
</InternetSettings>
