<BackupInst xmlns="http://www.microsoft.com/GroupPolicy/GPOOperations/Manifest"><GPOGuid><![CDATA[{369F2073-3A48-4814-9163-BA3844AFCC6A}]]></GPOGuid><GPODomain><![CDATA[ad.example.com]]></GPODomain><GPODomainGuid><![CDATA[{2b0c3f2f-e998-4ac3-9fdb-bf8c30c438bb}]]></GPODomainGuid><GPODomainController><![CDATA[EXAMPLE-DC-01.ad.example.com]]></GPODomainController><BackupTime><![CDATA[2016-10-05T10:22:18]]></BackupTime><ID><![CDATA[{ED2BFC80-36BE-41C5-B72F-CE3232B291A1}]]></ID><Comment><![CDATA[]]></Comment><GPODisplayName><![CDATA[TEST-Client_Devices-C]]></GPODisplayName></BackupInst>
