<BackupInst xmlns="http://www.microsoft.com/GroupPolicy/GPOOperations/Manifest"><GPOGuid><![CDATA[{31B2F340-016D-11D2-945F-00C04FB984F9}]]></GPOGuid><GPODomain><![CDATA[ad.example.com]]></GPODomain><GPODomainGuid><![CDATA[{2b0c3f2f-e998-4ac3-9fdb-bf8c30c438bb}]]></GPODomainGuid><GPODomainController><![CDATA[EXAMPLE-DC-01.ad.example.com]]></GPODomainController><BackupTime><![CDATA[2016-10-05T10:22:17]]></BackupTime><ID><![CDATA[{97C015B7-F66B-4B5F-8255-F791CF221B63}]]></ID><Comment><![CDATA[]]></Comment><GPODisplayName><![CDATA[Default Domain Policy]]></GPODisplayName></BackupInst>
