<BackupInst xmlns="http://www.microsoft.com/GroupPolicy/GPOOperations/Manifest"><GPOGuid><![CDATA[{37166D63-E5F1-4CB5-8CFE-4D94A4414E8C}]]></GPOGuid><GPODomain><![CDATA[ad.example.com]]></GPODomain><GPODomainGuid><![CDATA[{2b0c3f2f-e998-4ac3-9fdb-bf8c30c438bb}]]></GPODomainGuid><GPODomainController><![CDATA[EXAMPLE-DC-01.ad.example.com]]></GPODomainController><BackupTime><![CDATA[2016-10-05T10:22:18]]></BackupTime><ID><![CDATA[{732165DF-AA90-4000-832D-D9E18B165C7A}]]></ID><Comment><![CDATA[]]></Comment><GPODisplayName><![CDATA[LIVE-Server-C]]></GPODisplayName></BackupInst>
