<?xml version="1.0" encoding="utf-8"?><!-- Copyright (c) Microsoft Corporation.  All rights reserved. --><GroupPolicyBackupScheme bkp:version="2.0" bkp:type="GroupPolicyBackupTemplate" xmlns:bkp="http://www.microsoft.com/GroupPolicy/GPOOperations" xmlns="http://www.microsoft.com/GroupPolicy/GPOOperations">
    <GroupPolicyObject><SecurityGroups><Group bkp:Source="FromDACL"><Sid><![CDATA[S-1-5-21-2359395786-3044762293-1017408396-519]]></Sid><SamAccountName><![CDATA[Enterprise Admins]]></SamAccountName><Type><![CDATA[UniversalGroup]]></Type><NetBIOSDomainName><![CDATA[EXAMPLE]]></NetBIOSDomainName><DnsDomainName><![CDATA[ad.example.com]]></DnsDomainName><UPN><![CDATA[Enterprise Admins@ad.example.com]]></UPN></Group><Group bkp:Source="FromDACL"><Sid><![CDATA[S-1-5-21-2359395786-3044762293-1017408396-512]]></Sid><SamAccountName><![CDATA[Domain Admins]]></SamAccountName><Type><![CDATA[GlobalGroup]]></Type><NetBIOSDomainName><![CDATA[EXAMPLE]]></NetBIOSDomainName><DnsDomainName><![CDATA[ad.example.com]]></DnsDomainName><UPN><![CDATA[Domain Admins@ad.example.com]]></UPN></Group></SecurityGroups><FilePaths/><GroupPolicyCoreSettings><ID><![CDATA[{C15C242F-122C-4408-9FC4-C1B247EE4654}]]></ID><Domain><![CDATA[ad.example.com]]></Domain><SecurityDescriptor>01 00 04 9c 00 00 00 00 00 00 00 00 00 00 00 00 14 00 00 00 04 00 ec 00 08 00 00 00 05 02 28 00 00 01 00 00 01 00 00 00 8f fd ac ed b3 ff d1 11 b4 1d 00 a0 c9 68 f9 39 01 01 00 00 00 00 00 05 0b 00 00 00 00 00 24 00 ff 00 0f 00 01 05 00 00 00 00 00 05 15 00 00 00 ca 85 a1 8c b5 62 7b b5 8c 6b a4 3c 00 02 00 00 00 02 24 00 ff 00 0f 00 01 05 00 00 00 00 00 05 15 00 00 00 ca 85 a1 8c b5 62 7b b5 8c 6b a4 3c 00 02 00 00 00 02 24 00 ff 00 0f 00 01 05 00 00 00 00 00 05 15 00 00 00 ca 85 a1 8c b5 62 7b b5 8c 6b a4 3c 07 02 00 00 00 02 14 00 94 00 02 00 01 01 00 00 00 00 00 05 09 00 00 00 00 02 14 00 94 00 02 00 01 01 00 00 00 00 00 05 0b 00 00 00 00 02 14 00 ff 00 0f 00 01 01 00 00 00 00 00 05 12 00 00 00 00 0a 14 00 ff 00 0f 00 01 01 00 00 00 00 00 03 00 00 00 00</SecurityDescriptor><DisplayName><![CDATA[LIVE-Admin_Users-U]]></DisplayName><Options><![CDATA[2]]></Options><UserVersionNumber><![CDATA[1310740]]></UserVersionNumber><MachineVersionNumber><![CDATA[65537]]></MachineVersionNumber><MachineExtensionGuids/><UserExtensionGuids><![CDATA[[{00000000-0000-0000-0000-000000000000}{3BFAE46A-7F3A-467B-8CEA-6AA34DC71F53}{5C935941-A954-4F7C-B507-885941ECE5C4}{BEE07A6A-EC9F-4659-B8C9-0B1937907C83}][{35378EAC-683F-11D2-A89A-00C04FBBCFA2}{D02B1F73-3407-48AE-BA88-E8213C6761F1}][{A3F3E39B-5D83-4940-B954-28315B82F0A8}{3BFAE46A-7F3A-467B-8CEA-6AA34DC71F53}][{B087BE9D-ED37-454F-AF9C-04291E351182}{BEE07A6A-EC9F-4659-B8C9-0B1937907C83}][{E47248BA-94CC-49C4-BBB5-9EB7F05183D0}{5C935941-A954-4F7C-B507-885941ECE5C4}]]]></UserExtensionGuids><WMIFilter/></GroupPolicyCoreSettings> 
        <GroupPolicyExtension bkp:ID="{35378EAC-683F-11D2-A89A-00C04FBBCFA2}" bkp:DescName="Registry">
            
            <FSObjectFile bkp:Path="%GPO_USER_FSPATH%\registry.pol" bkp:SourceExpandedPath="\\EXAMPLE-DC-01.ad.example.com\sysvol\ad.example.com\Policies\{C15C242F-122C-4408-9FC4-C1B247EE4654}\User\registry.pol" bkp:Location="DomainSysvol\GPO\User\registry.pol"/>
            <FSObjectFile bkp:Path="%GPO_FSPATH%\Adm\*.*" bkp:SourceExpandedPath="\\EXAMPLE-DC-01.ad.example.com\sysvol\ad.example.com\Policies\{C15C242F-122C-4408-9FC4-C1B247EE4654}\Adm\*.*"/>
        </GroupPolicyExtension>
        
        
        
        
        
        
        
        
        
    <GroupPolicyExtension bkp:ID="{F15C46CD-82A0-4C2D-A210-5D0D3182A418}" bkp:DescName="Unknown Extension"><FSObjectFile bkp:Path="%GPO_USER_FSPATH%\comment.cmtx" bkp:SourceExpandedPath="\\EXAMPLE-DC-01.ad.example.com\sysvol\ad.example.com\Policies\{C15C242F-122C-4408-9FC4-C1B247EE4654}\User\comment.cmtx" bkp:Location="DomainSysvol\GPO\User\comment.cmtx"/><FSObjectDir bkp:Path="%GPO_USER_FSPATH%\Documents &amp; Settings" bkp:SourceExpandedPath="\\EXAMPLE-DC-01.ad.example.com\sysvol\ad.example.com\Policies\{C15C242F-122C-4408-9FC4-C1B247EE4654}\User\Documents &amp; Settings" bkp:Location="DomainSysvol\GPO\User\Documents &amp; Settings"/><FSObjectDir bkp:Path="%GPO_USER_FSPATH%\Preferences" bkp:SourceExpandedPath="\\EXAMPLE-DC-01.ad.example.com\sysvol\ad.example.com\Policies\{C15C242F-122C-4408-9FC4-C1B247EE4654}\User\Preferences" bkp:Location="DomainSysvol\GPO\User\Preferences"/><FSObjectDir bkp:Path="%GPO_USER_FSPATH%\Preferences\FolderOptions" bkp:SourceExpandedPath="\\EXAMPLE-DC-01.ad.example.com\sysvol\ad.example.com\Policies\{C15C242F-122C-4408-9FC4-C1B247EE4654}\User\Preferences\FolderOptions" bkp:Location="DomainSysvol\GPO\User\Preferences\FolderOptions"/><FSObjectFile bkp:Path="%GPO_USER_FSPATH%\Preferences\FolderOptions\FolderOptions.xml" bkp:SourceExpandedPath="\\EXAMPLE-DC-01.ad.example.com\sysvol\ad.example.com\Policies\{C15C242F-122C-4408-9FC4-C1B247EE4654}\User\Preferences\FolderOptions\FolderOptions.xml" bkp:Location="DomainSysvol\GPO\User\Preferences\FolderOptions\FolderOptions.xml"/><FSObjectDir bkp:Path="%GPO_USER_FSPATH%\Preferences\InternetSettings" bkp:SourceExpandedPath="\\EXAMPLE-DC-01.ad.example.com\sysvol\ad.example.com\Policies\{C15C242F-122C-4408-9FC4-C1B247EE4654}\User\Preferences\InternetSettings" bkp:Location="DomainSysvol\GPO\User\Preferences\InternetSettings"/><FSObjectFile bkp:Path="%GPO_USER_FSPATH%\Preferences\InternetSettings\InternetSettings.xml" bkp:SourceExpandedPath="\\EXAMPLE-DC-01.ad.example.com\sysvol\ad.example.com\Policies\{C15C242F-122C-4408-9FC4-C1B247EE4654}\User\Preferences\InternetSettings\InternetSettings.xml" bkp:Location="DomainSysvol\GPO\User\Preferences\InternetSettings\InternetSettings.xml"/><FSObjectDir bkp:Path="%GPO_USER_FSPATH%\Preferences\Registry" bkp:SourceExpandedPath="\\EXAMPLE-DC-01.ad.example.com\sysvol\ad.example.com\Policies\{C15C242F-122C-4408-9FC4-C1B247EE4654}\User\Preferences\Registry" bkp:Location="DomainSysvol\GPO\User\Preferences\Registry"/><FSObjectFile bkp:Path="%GPO_USER_FSPATH%\Preferences\Registry\Registry.xml" bkp:SourceExpandedPath="\\EXAMPLE-DC-01.ad.example.com\sysvol\ad.example.com\Policies\{C15C242F-122C-4408-9FC4-C1B247EE4654}\User\Preferences\Registry\Registry.xml" bkp:Location="DomainSysvol\GPO\User\Preferences\Registry\Registry.xml"/><FSObjectDir bkp:Path="%GPO_USER_FSPATH%\Scripts" bkp:SourceExpandedPath="\\EXAMPLE-DC-01.ad.example.com\sysvol\ad.example.com\Policies\{C15C242F-122C-4408-9FC4-C1B247EE4654}\User\Scripts" bkp:Location="DomainSysvol\GPO\User\Scripts"/><FSObjectDir bkp:Path="%GPO_USER_FSPATH%\Scripts\Logoff" bkp:SourceExpandedPath="\\EXAMPLE-DC-01.ad.example.com\sysvol\ad.example.com\Policies\{C15C242F-122C-4408-9FC4-C1B247EE4654}\User\Scripts\Logoff" bkp:Location="DomainSysvol\GPO\User\Scripts\Logoff"/><FSObjectDir bkp:Path="%GPO_USER_FSPATH%\Scripts\Logon" bkp:SourceExpandedPath="\\EXAMPLE-DC-01.ad.example.com\sysvol\ad.example.com\Policies\{C15C242F-122C-4408-9FC4-C1B247EE4654}\User\Scripts\Logon" bkp:Location="DomainSysvol\GPO\User\Scripts\Logon"/></GroupPolicyExtension></GroupPolicyObject>
</GroupPolicyBackupScheme>