<BackupInst xmlns="http://www.microsoft.com/GroupPolicy/GPOOperations/Manifest"><GPOGuid><![CDATA[{C15C242F-122C-4408-9FC4-C1B247EE4654}]]></GPOGuid><GPODomain><![CDATA[ad.example.com]]></GPODomain><GPODomainGuid><![CDATA[{2b0c3f2f-e998-4ac3-9fdb-bf8c30c438bb}]]></GPODomainGuid><GPODomainController><![CDATA[EXAMPLE-DC-01.ad.example.com]]></GPODomainController><BackupTime><![CDATA[2016-10-05T10:22:17]]></BackupTime><ID><![CDATA[{CB0A509F-DD51-4B5D-82F4-5E3CD2C5947C}]]></ID><Comment><![CDATA[]]></Comment><GPODisplayName><![CDATA[LIVE-Admin_Users-U]]></GPODisplayName></BackupInst>
