<?xml version="1.0" encoding="utf-8"?><!-- Copyright (c) Microsoft Corporation.  All rights reserved. --><GroupPolicyBackupScheme bkp:version="2.0" bkp:type="GroupPolicyBackupTemplate" xmlns:bkp="http://www.microsoft.com/GroupPolicy/GPOOperations" xmlns="http://www.microsoft.com/GroupPolicy/GPOOperations">
    <GroupPolicyObject><SecurityGroups><Group><Sid/><SamAccountName><![CDATA[Authenticated Users]]></SamAccountName><Type><![CDATA[Unknown]]></Type><NetBIOSDomainName/><DnsDomainName/><UPN/></Group><Group><Sid/><SamAccountName><![CDATA[Administrators]]></SamAccountName><Type><![CDATA[Unknown]]></Type><NetBIOSDomainName/><DnsDomainName/><UPN/></Group><Group><Sid/><SamAccountName><![CDATA[LOCAL SERVICE]]></SamAccountName><Type><![CDATA[Unknown]]></Type><NetBIOSDomainName/><DnsDomainName/><UPN/></Group><Group><Sid/><SamAccountName><![CDATA[NETWORK SERVICE]]></SamAccountName><Type><![CDATA[Unknown]]></Type><NetBIOSDomainName/><DnsDomainName/><UPN/></Group><Group><Sid/><SamAccountName><![CDATA[Guests]]></SamAccountName><Type><![CDATA[Unknown]]></Type><NetBIOSDomainName/><DnsDomainName/><UPN/></Group><Group><Sid/><SamAccountName><![CDATA[Remote Desktop Users]]></SamAccountName><Type><![CDATA[Unknown]]></Type><NetBIOSDomainName/><DnsDomainName/><UPN/></Group><Group><Sid/><SamAccountName><![CDATA[SERVICE]]></SamAccountName><Type><![CDATA[Unknown]]></Type><NetBIOSDomainName/><DnsDomainName/><UPN/></Group><Group bkp:Source="FromDACL"><Sid><![CDATA[S-1-5-21-2359395786-3044762293-1017408396-519]]></Sid><SamAccountName><![CDATA[Enterprise Admins]]></SamAccountName><Type><![CDATA[UniversalGroup]]></Type><NetBIOSDomainName><![CDATA[EXAMPLE]]></NetBIOSDomainName><DnsDomainName><![CDATA[ad.example.com]]></DnsDomainName><UPN><![CDATA[Enterprise Admins@ad.example.com]]></UPN></Group><Group bkp:Source="FromDACL"><Sid><![CDATA[S-1-5-21-2359395786-3044762293-1017408396-512]]></Sid><SamAccountName><![CDATA[Domain Admins]]></SamAccountName><Type><![CDATA[GlobalGroup]]></Type><NetBIOSDomainName><![CDATA[EXAMPLE]]></NetBIOSDomainName><DnsDomainName><![CDATA[ad.example.com]]></DnsDomainName><UPN><![CDATA[Domain Admins@ad.example.com]]></UPN></Group></SecurityGroups><FilePaths/><GroupPolicyCoreSettings><ID><![CDATA[{56407B7C-E77E-4290-90EB-193D966CCD67}]]></ID><Domain><![CDATA[ad.example.com]]></Domain><SecurityDescriptor>01 00 04 9c 00 00 00 00 00 00 00 00 00 00 00 00 14 00 00 00 04 00 ec 00 08 00 00 00 05 02 28 00 00 01 00 00 01 00 00 00 8f fd ac ed b3 ff d1 11 b4 1d 00 a0 c9 68 f9 39 01 01 00 00 00 00 00 05 0b 00 00 00 00 00 24 00 ff 00 0f 00 01 05 00 00 00 00 00 05 15 00 00 00 ca 85 a1 8c b5 62 7b b5 8c 6b a4 3c 00 02 00 00 00 02 24 00 ff 00 0f 00 01 05 00 00 00 00 00 05 15 00 00 00 ca 85 a1 8c b5 62 7b b5 8c 6b a4 3c 00 02 00 00 00 02 24 00 ff 00 0f 00 01 05 00 00 00 00 00 05 15 00 00 00 ca 85 a1 8c b5 62 7b b5 8c 6b a4 3c 07 02 00 00 00 02 14 00 94 00 02 00 01 01 00 00 00 00 00 05 09 00 00 00 00 02 14 00 94 00 02 00 01 01 00 00 00 00 00 05 0b 00 00 00 00 02 14 00 ff 00 0f 00 01 01 00 00 00 00 00 05 12 00 00 00 00 0a 14 00 ff 00 0f 00 01 01 00 00 00 00 00 03 00 00 00 00</SecurityDescriptor><DisplayName><![CDATA[TEST-Server-C]]></DisplayName><Options><![CDATA[1]]></Options><UserVersionNumber><![CDATA[65537]]></UserVersionNumber><MachineVersionNumber><![CDATA[7471218]]></MachineVersionNumber><MachineExtensionGuids><![CDATA[[{00000000-0000-0000-0000-000000000000}{79F92669-4224-476C-9C5C-6EFB4D87DF4A}][{17D89FEC-5C44-4972-B12D-241CAEF74509}{79F92669-4224-476C-9C5C-6EFB4D87DF4A}][{35378EAC-683F-11D2-A89A-00C04FBBCFA2}{53D6AB1D-2488-11D1-A28C-00C04FB94F17}{B05566AC-FE9C-4368-BE01-7A4CBB6CBA11}{D02B1F72-3407-48AE-BA88-E8213C6761F1}][{827D319E-6EAC-11D2-A4EA-00C04F79F83A}{803E14A0-B4FB-11D0-A0D0-00A0C90F574B}][{B1BE8D72-6EAC-11D2-A4EA-00C04F79F83A}{53D6AB1D-2488-11D1-A28C-00C04FB94F17}][{D76B9641-3288-4F75-942D-087DE603E3EA}{D02B1F72-3407-48AE-BA88-E8213C6761F1}]]]></MachineExtensionGuids><UserExtensionGuids/><WMIFilter/></GroupPolicyCoreSettings> 
        <GroupPolicyExtension bkp:ID="{35378EAC-683F-11D2-A89A-00C04FBBCFA2}" bkp:DescName="Registry">
            <FSObjectFile bkp:Path="%GPO_MACH_FSPATH%\registry.pol" bkp:SourceExpandedPath="\\EXAMPLE-DC-01.ad.example.com\sysvol\ad.example.com\Policies\{56407B7C-E77E-4290-90EB-193D966CCD67}\Machine\registry.pol" bkp:Location="DomainSysvol\GPO\Machine\registry.pol"/>
            <FSObjectFile bkp:Path="%GPO_USER_FSPATH%\registry.pol" bkp:SourceExpandedPath="\\EXAMPLE-DC-01.ad.example.com\sysvol\ad.example.com\Policies\{56407B7C-E77E-4290-90EB-193D966CCD67}\User\registry.pol" bkp:Location="DomainSysvol\GPO\User\registry.pol"/>
            <FSObjectFile bkp:Path="%GPO_FSPATH%\Adm\*.*" bkp:SourceExpandedPath="\\EXAMPLE-DC-01.ad.example.com\sysvol\ad.example.com\Policies\{56407B7C-E77E-4290-90EB-193D966CCD67}\Adm\*.*"/>
        </GroupPolicyExtension>
        
        
        
        
        <GroupPolicyExtension bkp:ID="{827D319E-6EAC-11D2-A4EA-00C04F79F83A}" bkp:DescName="Security">
            <FSObjectFile bkp:Path="%GPO_MACH_FSPATH%\microsoft\windows nt\SecEdit\GptTmpl.inf" bkp:SourceExpandedPath="\\EXAMPLE-DC-01.ad.example.com\sysvol\ad.example.com\Policies\{56407B7C-E77E-4290-90EB-193D966CCD67}\Machine\microsoft\windows nt\SecEdit\GptTmpl.inf" bkp:ReEvaluateFunction="SecurityValidateSettings" bkp:Location="DomainSysvol\GPO\Machine\microsoft\windows nt\SecEdit\GptTmpl.inf"/>
        </GroupPolicyExtension>
        
        
        
        
    <GroupPolicyExtension bkp:ID="{F15C46CD-82A0-4C2D-A210-5D0D3182A418}" bkp:DescName="Unknown Extension"><FSObjectFile bkp:Path="%GPO_MACH_FSPATH%\comment.cmtx" bkp:SourceExpandedPath="\\EXAMPLE-DC-01.ad.example.com\sysvol\ad.example.com\Policies\{56407B7C-E77E-4290-90EB-193D966CCD67}\Machine\comment.cmtx" bkp:Location="DomainSysvol\GPO\Machine\comment.cmtx"/><FSObjectDir bkp:Path="%GPO_MACH_FSPATH%\microsoft" bkp:SourceExpandedPath="\\EXAMPLE-DC-01.ad.example.com\sysvol\ad.example.com\Policies\{56407B7C-E77E-4290-90EB-193D966CCD67}\Machine\microsoft" bkp:Location="DomainSysvol\GPO\Machine\microsoft"/><FSObjectDir bkp:Path="%GPO_MACH_FSPATH%\microsoft\windows nt" bkp:SourceExpandedPath="\\EXAMPLE-DC-01.ad.example.com\sysvol\ad.example.com\Policies\{56407B7C-E77E-4290-90EB-193D966CCD67}\Machine\microsoft\windows nt" bkp:Location="DomainSysvol\GPO\Machine\microsoft\windows nt"/><FSObjectDir bkp:Path="%GPO_MACH_FSPATH%\microsoft\windows nt\Audit" bkp:SourceExpandedPath="\\EXAMPLE-DC-01.ad.example.com\sysvol\ad.example.com\Policies\{56407B7C-E77E-4290-90EB-193D966CCD67}\Machine\microsoft\windows nt\Audit" bkp:Location="DomainSysvol\GPO\Machine\microsoft\windows nt\Audit"/><FSObjectFile bkp:Path="%GPO_MACH_FSPATH%\microsoft\windows nt\Audit\audit.csv" bkp:SourceExpandedPath="\\EXAMPLE-DC-01.ad.example.com\sysvol\ad.example.com\Policies\{56407B7C-E77E-4290-90EB-193D966CCD67}\Machine\microsoft\windows nt\Audit\audit.csv" bkp:Location="DomainSysvol\GPO\Machine\microsoft\windows nt\Audit\audit.csv"/><FSObjectDir bkp:Path="%GPO_MACH_FSPATH%\microsoft\windows nt\SecEdit" bkp:SourceExpandedPath="\\EXAMPLE-DC-01.ad.example.com\sysvol\ad.example.com\Policies\{56407B7C-E77E-4290-90EB-193D966CCD67}\Machine\microsoft\windows nt\SecEdit" bkp:Location="DomainSysvol\GPO\Machine\microsoft\windows nt\SecEdit"/><FSObjectDir bkp:Path="%GPO_MACH_FSPATH%\Preferences" bkp:SourceExpandedPath="\\EXAMPLE-DC-01.ad.example.com\sysvol\ad.example.com\Policies\{56407B7C-E77E-4290-90EB-193D966CCD67}\Machine\Preferences" bkp:Location="DomainSysvol\GPO\Machine\Preferences"/><FSObjectDir bkp:Path="%GPO_MACH_FSPATH%\Preferences\Groups" bkp:SourceExpandedPath="\\EXAMPLE-DC-01.ad.example.com\sysvol\ad.example.com\Policies\{56407B7C-E77E-4290-90EB-193D966CCD67}\Machine\Preferences\Groups" bkp:Location="DomainSysvol\GPO\Machine\Preferences\Groups"/><FSObjectFile bkp:Path="%GPO_MACH_FSPATH%\Preferences\Groups\Groups.xml" bkp:SourceExpandedPath="\\EXAMPLE-DC-01.ad.example.com\sysvol\ad.example.com\Policies\{56407B7C-E77E-4290-90EB-193D966CCD67}\Machine\Preferences\Groups\Groups.xml" bkp:Location="DomainSysvol\GPO\Machine\Preferences\Groups\Groups.xml"/><FSObjectDir bkp:Path="%GPO_MACH_FSPATH%\Preferences\Registry" bkp:SourceExpandedPath="\\EXAMPLE-DC-01.ad.example.com\sysvol\ad.example.com\Policies\{56407B7C-E77E-4290-90EB-193D966CCD67}\Machine\Preferences\Registry" bkp:Location="DomainSysvol\GPO\Machine\Preferences\Registry"/><FSObjectDir bkp:Path="%GPO_MACH_FSPATH%\Scripts" bkp:SourceExpandedPath="\\EXAMPLE-DC-01.ad.example.com\sysvol\ad.example.com\Policies\{56407B7C-E77E-4290-90EB-193D966CCD67}\Machine\Scripts" bkp:Location="DomainSysvol\GPO\Machine\Scripts"/><FSObjectDir bkp:Path="%GPO_MACH_FSPATH%\Scripts\Shutdown" bkp:SourceExpandedPath="\\EXAMPLE-DC-01.ad.example.com\sysvol\ad.example.com\Policies\{56407B7C-E77E-4290-90EB-193D966CCD67}\Machine\Scripts\Shutdown" bkp:Location="DomainSysvol\GPO\Machine\Scripts\Shutdown"/><FSObjectDir bkp:Path="%GPO_MACH_FSPATH%\Scripts\Startup" bkp:SourceExpandedPath="\\EXAMPLE-DC-01.ad.example.com\sysvol\ad.example.com\Policies\{56407B7C-E77E-4290-90EB-193D966CCD67}\Machine\Scripts\Startup" bkp:Location="DomainSysvol\GPO\Machine\Scripts\Startup"/><FSObjectFile bkp:Path="%GPO_USER_FSPATH%\comment.cmtx" bkp:SourceExpandedPath="\\EXAMPLE-DC-01.ad.example.com\sysvol\ad.example.com\Policies\{56407B7C-E77E-4290-90EB-193D966CCD67}\User\comment.cmtx" bkp:Location="DomainSysvol\GPO\User\comment.cmtx"/><FSObjectDir bkp:Path="%GPO_USER_FSPATH%\FolderOptions" bkp:SourceExpandedPath="\\EXAMPLE-DC-01.ad.example.com\sysvol\ad.example.com\Policies\{56407B7C-E77E-4290-90EB-193D966CCD67}\User\FolderOptions" bkp:Location="DomainSysvol\GPO\User\FolderOptions"/><FSObjectFile bkp:Path="%GPO_USER_FSPATH%\FolderOptions\FolderOptions.xml" bkp:SourceExpandedPath="\\EXAMPLE-DC-01.ad.example.com\sysvol\ad.example.com\Policies\{56407B7C-E77E-4290-90EB-193D966CCD67}\User\FolderOptions\FolderOptions.xml" bkp:Location="DomainSysvol\GPO\User\FolderOptions\FolderOptions.xml"/><FSObjectDir bkp:Path="%GPO_USER_FSPATH%\Preferences" bkp:SourceExpandedPath="\\EXAMPLE-DC-01.ad.example.com\sysvol\ad.example.com\Policies\{56407B7C-E77E-4290-90EB-193D966CCD67}\User\Preferences" bkp:Location="DomainSysvol\GPO\User\Preferences"/><FSObjectDir bkp:Path="%GPO_USER_FSPATH%\Registry" bkp:SourceExpandedPath="\\EXAMPLE-DC-01.ad.example.com\sysvol\ad.example.com\Policies\{56407B7C-E77E-4290-90EB-193D966CCD67}\User\Registry" bkp:Location="DomainSysvol\GPO\User\Registry"/><FSObjectFile bkp:Path="%GPO_USER_FSPATH%\Registry\Registry.xml" bkp:SourceExpandedPath="\\EXAMPLE-DC-01.ad.example.com\sysvol\ad.example.com\Policies\{56407B7C-E77E-4290-90EB-193D966CCD67}\User\Registry\Registry.xml" bkp:Location="DomainSysvol\GPO\User\Registry\Registry.xml"/><FSObjectDir bkp:Path="%GPO_USER_FSPATH%\Scripts" bkp:SourceExpandedPath="\\EXAMPLE-DC-01.ad.example.com\sysvol\ad.example.com\Policies\{56407B7C-E77E-4290-90EB-193D966CCD67}\User\Scripts" bkp:Location="DomainSysvol\GPO\User\Scripts"/><FSObjectDir bkp:Path="%GPO_USER_FSPATH%\Scripts\Logoff" bkp:SourceExpandedPath="\\EXAMPLE-DC-01.ad.example.com\sysvol\ad.example.com\Policies\{56407B7C-E77E-4290-90EB-193D966CCD67}\User\Scripts\Logoff" bkp:Location="DomainSysvol\GPO\User\Scripts\Logoff"/><FSObjectDir bkp:Path="%GPO_USER_FSPATH%\Scripts\Logon" bkp:SourceExpandedPath="\\EXAMPLE-DC-01.ad.example.com\sysvol\ad.example.com\Policies\{56407B7C-E77E-4290-90EB-193D966CCD67}\User\Scripts\Logon" bkp:Location="DomainSysvol\GPO\User\Scripts\Logon"/></GroupPolicyExtension></GroupPolicyObject>
</GroupPolicyBackupScheme>