<BackupInst xmlns="http://www.microsoft.com/GroupPolicy/GPOOperations/Manifest"><GPOGuid><![CDATA[{56407B7C-E77E-4290-90EB-193D966CCD67}]]></GPOGuid><GPODomain><![CDATA[ad.example.com]]></GPODomain><GPODomainGuid><![CDATA[{2b0c3f2f-e998-4ac3-9fdb-bf8c30c438bb}]]></GPODomainGuid><GPODomainController><![CDATA[EXAMPLE-DC-01.ad.example.com]]></GPODomainController><BackupTime><![CDATA[2016-10-05T10:22:19]]></BackupTime><ID><![CDATA[{E91C2BBC-367E-43D0-81A2-EF4B48A1E036}]]></ID><Comment><![CDATA[]]></Comment><GPODisplayName><![CDATA[TEST-Server-C]]></GPODisplayName></BackupInst>
