<BackupInst xmlns="http://www.microsoft.com/GroupPolicy/GPOOperations/Manifest"><GPOGuid><![CDATA[{8392193C-647C-4562-8EFB-1EB8EAAD1C68}]]></GPOGuid><GPODomain><![CDATA[ad.example.com]]></GPODomain><GPODomainGuid><![CDATA[{2b0c3f2f-e998-4ac3-9fdb-bf8c30c438bb}]]></GPODomainGuid><GPODomainController><![CDATA[EXAMPLE-DC-01.ad.example.com]]></GPODomainController><BackupTime><![CDATA[2016-10-05T10:22:18]]></BackupTime><ID><![CDATA[{C043F3D2-4E56-4C5D-89B7-D4A188D17906}]]></ID><Comment><![CDATA[]]></Comment><GPODisplayName><![CDATA[LIVE-Client_Devices-C]]></GPODisplayName></BackupInst>
