<GroupPolicy>
	<GPO>
		<Name>LIVE-New_Machine_Restrictions-C</Name>
		<LinksTo>
			<Link>OU=New Machines,OU=Administrative</Link>
		</LinksTo>
		<BackupID>{1C8C8D8D-E2A0-4606-AE1F-70F9807573D8}</BackupID>
	</GPO>
 	<GPO>
		<Name>LIVE-Server-C</Name>
		<LinksTo>
			<Link>OU=Servers,OU=Live</Link>
		</LinksTo>
		<BackupID>{732165DF-AA90-4000-832D-D9E18B165C7A}</BackupID>
	</GPO>
 	<GPO>
		<Name>BOTH-People-U</Name>
		<LinksTo>
			<Link>OU=People,OU=Live</Link>
			<Link>OU=People,OU=Test</Link>
		</LinksTo>
		<BackupID>{932FF507-2E2A-4412-A527-5B6E80B9EEBD}</BackupID>
	</GPO>
 	<GPO>
		<Name>Default Domain Policy</Name>
		<LinksTo />
		<BackupID>{97C015B7-F66B-4B5F-8255-F791CF221B63}</BackupID>
	</GPO>
 	<GPO>
		<Name>LIVE-Client_Devices-C</Name>
		<LinksTo>
			<Link>OU=Client Devices,OU=Live</Link>
		</LinksTo>
		<BackupID>{C043F3D2-4E56-4C5D-89B7-D4A188D17906}</BackupID>
	</GPO>
 	<GPO>
		<Name>LIVE-Admin_Users-U</Name>
		<LinksTo>
			<Link>OU=Admins,OU=Administrative</Link>
		</LinksTo>
		<BackupID>{CB0A509F-DD51-4B5D-82F4-5E3CD2C5947C}</BackupID>
	</GPO>
 	<GPO>
		<Name>TEST-Server-C</Name>
		<LinksTo>
			<Link>OU=Servers,OU=Test</Link>
		</LinksTo>
		<BackupID>{E91C2BBC-367E-43D0-81A2-EF4B48A1E036}</BackupID>
	</GPO>
 	<GPO>
		<Name>Default Domain Controllers Policy</Name>
		<LinksTo />
		<BackupID>{E9C6EBA4-B600-40E2-AD99-9A0626FE16DC}</BackupID>
	</GPO>
 	<GPO>
		<Name>TEST-Client_Devices-C</Name>
		<LinksTo>
			<Link>OU=Client Devices,OU=Test</Link>
		</LinksTo>
		<BackupID>{ED2BFC80-36BE-41C5-B72F-CE3232B291A1}</BackupID>
	</GPO>
</GroupPolicy>
