<BackupInst xmlns="http://www.microsoft.com/GroupPolicy/GPOOperations/Manifest"><GPOGuid><![CDATA[{A9993BF3-E1A8-4A4D-83FB-612370EE437A}]]></GPOGuid><GPODomain><![CDATA[ad.example.com]]></GPODomain><GPODomainGuid><![CDATA[{2b0c3f2f-e998-4ac3-9fdb-bf8c30c438bb}]]></GPODomainGuid><GPODomainController><![CDATA[EXAMPLE-DC-01.ad.example.com]]></GPODomainController><BackupTime><![CDATA[2016-10-05T10:22:17]]></BackupTime><ID><![CDATA[{932FF507-2E2A-4412-A527-5B6E80B9EEBD}]]></ID><Comment><![CDATA[]]></Comment><GPODisplayName><![CDATA[BOTH-People-U]]></GPODisplayName></BackupInst>
