<Backups xmlns="http://www.microsoft.com/GroupPolicy/GPOOperations/Manifest" xmlns:mfst="http://www.microsoft.com/GroupPolicy/GPOOperations/Manifest" mfst:version="1.0"><BackupInst><GPOGuid><![CDATA[{56407B7C-E77E-4290-90EB-193D966CCD67}]]></GPOGuid><GPODomain><![CDATA[ad.example.com]]></GPODomain><GPODomainGuid><![CDATA[{2b0c3f2f-e998-4ac3-9fdb-bf8c30c438bb}]]></GPODomainGuid><GPODomainController><![CDATA[EXAMPLE-DC-01.ad.example.com]]></GPODomainController><BackupTime><![CDATA[2016-10-05T10:22:19]]></BackupTime><ID><![CDATA[{E91C2BBC-367E-43D0-81A2-EF4B48A1E036}]]></ID><Comment><![CDATA[]]></Comment><GPODisplayName><![CDATA[TEST-Server-C]]></GPODisplayName></BackupInst><BackupInst><GPOGuid><![CDATA[{369F2073-3A48-4814-9163-BA3844AFCC6A}]]></GPOGuid><GPODomain><![CDATA[ad.example.com]]></GPODomain><GPODomainGuid><![CDATA[{2b0c3f2f-e998-4ac3-9fdb-bf8c30c438bb}]]></GPODomainGuid><GPODomainController><![CDATA[EXAMPLE-DC-01.ad.example.com]]></GPODomainController><BackupTime><![CDATA[2016-10-05T10:22:18]]></BackupTime><ID><![CDATA[{ED2BFC80-36BE-41C5-B72F-CE3232B291A1}]]></ID><Comment><![CDATA[]]></Comment><GPODisplayName><![CDATA[TEST-Client_Devices-C]]></GPODisplayName></BackupInst><BackupInst><GPOGuid><![CDATA[{37166D63-E5F1-4CB5-8CFE-4D94A4414E8C}]]></GPOGuid><GPODomain><![CDATA[ad.example.com]]></GPODomain><GPODomainGuid><![CDATA[{2b0c3f2f-e998-4ac3-9fdb-bf8c30c438bb}]]></GPODomainGuid><GPODomainController><![CDATA[EXAMPLE-DC-01.ad.example.com]]></GPODomainController><BackupTime><![CDATA[2016-10-05T10:22:18]]></BackupTime><ID><![CDATA[{732165DF-AA90-4000-832D-D9E18B165C7A}]]></ID><Comment><![CDATA[]]></Comment><GPODisplayName><![CDATA[LIVE-Server-C]]></GPODisplayName></BackupInst><BackupInst><GPOGuid><![CDATA[{616A5ECB-E0CC-4A17-8F9A-C6B035983928}]]></GPOGuid><GPODomain><![CDATA[ad.example.com]]></GPODomain><GPODomainGuid><![CDATA[{2b0c3f2f-e998-4ac3-9fdb-bf8c30c438bb}]]></GPODomainGuid><GPODomainController><![CDATA[EXAMPLE-DC-01.ad.example.com]]></GPODomainController><BackupTime><![CDATA[2016-10-05T10:22:18]]></BackupTime><ID><![CDATA[{1C8C8D8D-E2A0-4606-AE1F-70F9807573D8}]]></ID><Comment><![CDATA[]]></Comment><GPODisplayName><![CDATA[LIVE-New_Machine_Restrictions-C]]></GPODisplayName></BackupInst><BackupInst><GPOGuid><![CDATA[{8392193C-647C-4562-8EFB-1EB8EAAD1C68}]]></GPOGuid><GPODomain><![CDATA[ad.example.com]]></GPODomain><GPODomainGuid><![CDATA[{2b0c3f2f-e998-4ac3-9fdb-bf8c30c438bb}]]></GPODomainGuid><GPODomainController><![CDATA[EXAMPLE-DC-01.ad.example.com]]></GPODomainController><BackupTime><![CDATA[2016-10-05T10:22:18]]></BackupTime><ID><![CDATA[{C043F3D2-4E56-4C5D-89B7-D4A188D17906}]]></ID><Comment><![CDATA[]]></Comment><GPODisplayName><![CDATA[LIVE-Client_Devices-C]]></GPODisplayName></BackupInst><BackupInst><GPOGuid><![CDATA[{C15C242F-122C-4408-9FC4-C1B247EE4654}]]></GPOGuid><GPODomain><![CDATA[ad.example.com]]></GPODomain><GPODomainGuid><![CDATA[{2b0c3f2f-e998-4ac3-9fdb-bf8c30c438bb}]]></GPODomainGuid><GPODomainController><![CDATA[EXAMPLE-DC-01.ad.example.com]]></GPODomainController><BackupTime><![CDATA[2016-10-05T10:22:17]]></BackupTime><ID><![CDATA[{CB0A509F-DD51-4B5D-82F4-5E3CD2C5947C}]]></ID><Comment><![CDATA[]]></Comment><GPODisplayName><![CDATA[LIVE-Admin_Users-U]]></GPODisplayName></BackupInst><BackupInst><GPOGuid><![CDATA[{31B2F340-016D-11D2-945F-00C04FB984F9}]]></GPOGuid><GPODomain><![CDATA[ad.example.com]]></GPODomain><GPODomainGuid><![CDATA[{2b0c3f2f-e998-4ac3-9fdb-bf8c30c438bb}]]></GPODomainGuid><GPODomainController><![CDATA[EXAMPLE-DC-01.ad.example.com]]></GPODomainController><BackupTime><![CDATA[2016-10-05T10:22:17]]></BackupTime><ID><![CDATA[{97C015B7-F66B-4B5F-8255-F791CF221B63}]]></ID><Comment><![CDATA[]]></Comment><GPODisplayName><![CDATA[Default Domain Policy]]></GPODisplayName></BackupInst><BackupInst><GPOGuid><![CDATA[{6AC1786C-016F-11D2-945F-00C04fB984F9}]]></GPOGuid><GPODomain><![CDATA[ad.example.com]]></GPODomain><GPODomainGuid><![CDATA[{2b0c3f2f-e998-4ac3-9fdb-bf8c30c438bb}]]></GPODomainGuid><GPODomainController><![CDATA[EXAMPLE-DC-01.ad.example.com]]></GPODomainController><BackupTime><![CDATA[2016-10-05T10:22:17]]></BackupTime><ID><![CDATA[{E9C6EBA4-B600-40E2-AD99-9A0626FE16DC}]]></ID><Comment><![CDATA[]]></Comment><GPODisplayName><![CDATA[Default Domain Controllers Policy]]></GPODisplayName></BackupInst><BackupInst><GPOGuid><![CDATA[{A9993BF3-E1A8-4A4D-83FB-612370EE437A}]]></GPOGuid><GPODomain><![CDATA[ad.example.com]]></GPODomain><GPODomainGuid><![CDATA[{2b0c3f2f-e998-4ac3-9fdb-bf8c30c438bb}]]></GPODomainGuid><GPODomainController><![CDATA[EXAMPLE-DC-01.ad.example.com]]></GPODomainController><BackupTime><![CDATA[2016-10-05T10:22:17]]></BackupTime><ID><![CDATA[{932FF507-2E2A-4412-A527-5B6E80B9EEBD}]]></ID><Comment><![CDATA[]]></Comment><GPODisplayName><![CDATA[BOTH-People-U]]></GPODisplayName></BackupInst></Backups>