<?xml version="1.0" encoding="utf-8"?>
<RegistrySettings clsid="{A3CCFC41-DFDB-43a5-8D26-0FE8B954DA51}"><Registry clsid="{9CD4B2F4-923D-47f5-A062-E897DD1DAD50}" name="UseLogonCredential" status="UseLogonCredential" image="12" changed="2016-09-26 11:00:26" uid="{F04783C5-13A1-4AE1-A761-2BD034A415F5}"><Properties action="U" displayDecimal="1" default="0" hive="HKEY_LOCAL_MACHINE" key="SYSTEM\CurrentControlSet\Control\SecurityProviders\WDigest" name="UseLogonCredential" type="REG_DWORD" value="00000000"/></Registry>
	<Collection clsid="{53B533F5-224C-47e3-B01B-CA3B3F3FF4BF}" name="Best Practice Crypto"><Registry clsid="{9CD4B2F4-923D-47f5-A062-E897DD1DAD50}" name="SCHANNEL" image="2" descr="Wizard Generated Registry Item" status="SCHANNEL"><Properties action="U" hive="HKEY_LOCAL_MACHINE" key="SYSTEM\CurrentControlSet\Control\SecurityProviders\SCHANNEL" type="" name="" value=""/></Registry>
		<Collection clsid="{53B533F5-224C-47e3-B01B-CA3B3F3FF4BF}" name="Ciphers"><Registry clsid="{9CD4B2F4-923D-47f5-A062-E897DD1DAD50}" name="Ciphers" image="2" descr="Wizard Generated Registry Item" status="Ciphers"><Properties action="U" hive="HKEY_LOCAL_MACHINE" key="SYSTEM\CurrentControlSet\Control\SecurityProviders\SCHANNEL\Ciphers" type="" name="" value=""/></Registry>
			<Collection clsid="{53B533F5-224C-47e3-B01B-CA3B3F3FF4BF}" name="AES 128/128"><Registry clsid="{9CD4B2F4-923D-47f5-A062-E897DD1DAD50}" name="AES 128/128" image="2" descr="Wizard Generated Registry Item" status="AES 128/128"><Properties action="U" hive="HKEY_LOCAL_MACHINE" key="SYSTEM\CurrentControlSet\Control\SecurityProviders\SCHANNEL\Ciphers\AES 128/128" type="" name="" value=""/></Registry>
				<Registry clsid="{9CD4B2F4-923D-47f5-A062-E897DD1DAD50}" name="Enabled" descr="Wizard Generated Registry Item" image="12"><Properties action="U" hive="HKEY_LOCAL_MACHINE" key="SYSTEM\CurrentControlSet\Control\SecurityProviders\SCHANNEL\Ciphers\AES 128/128" name="Enabled" default="0" type="REG_DWORD" displayDecimal="0" value="FFFFFFFF"/></Registry>
			</Collection>
			<Collection clsid="{53B533F5-224C-47e3-B01B-CA3B3F3FF4BF}" name="AES 256/256"><Registry clsid="{9CD4B2F4-923D-47f5-A062-E897DD1DAD50}" name="AES 256/256" image="2" descr="Wizard Generated Registry Item" status="AES 256/256"><Properties action="U" hive="HKEY_LOCAL_MACHINE" key="SYSTEM\CurrentControlSet\Control\SecurityProviders\SCHANNEL\Ciphers\AES 256/256" type="" name="" value=""/></Registry>
				<Registry clsid="{9CD4B2F4-923D-47f5-A062-E897DD1DAD50}" name="Enabled" descr="Wizard Generated Registry Item" image="12"><Properties action="U" hive="HKEY_LOCAL_MACHINE" key="SYSTEM\CurrentControlSet\Control\SecurityProviders\SCHANNEL\Ciphers\AES 256/256" name="Enabled" default="0" type="REG_DWORD" displayDecimal="0" value="FFFFFFFF"/></Registry>
			</Collection>
			<Collection clsid="{53B533F5-224C-47e3-B01B-CA3B3F3FF4BF}" name="DES 56/56"><Registry clsid="{9CD4B2F4-923D-47f5-A062-E897DD1DAD50}" name="DES 56/56" image="2" descr="Wizard Generated Registry Item" status="DES 56/56"><Properties action="U" hive="HKEY_LOCAL_MACHINE" key="SYSTEM\CurrentControlSet\Control\SecurityProviders\SCHANNEL\Ciphers\DES 56/56" type="" name="" value=""/></Registry>
				<Registry clsid="{9CD4B2F4-923D-47f5-A062-E897DD1DAD50}" name="Enabled" descr="Wizard Generated Registry Item" image="12"><Properties action="U" hive="HKEY_LOCAL_MACHINE" key="SYSTEM\CurrentControlSet\Control\SecurityProviders\SCHANNEL\Ciphers\DES 56/56" name="Enabled" default="0" type="REG_DWORD" displayDecimal="0" value="00000000"/></Registry>
			</Collection>
			<Collection clsid="{53B533F5-224C-47e3-B01B-CA3B3F3FF4BF}" name="NULL"><Registry clsid="{9CD4B2F4-923D-47f5-A062-E897DD1DAD50}" name="NULL" image="2" descr="Wizard Generated Registry Item" status="NULL"><Properties action="U" hive="HKEY_LOCAL_MACHINE" key="SYSTEM\CurrentControlSet\Control\SecurityProviders\SCHANNEL\Ciphers\NULL" type="" name="" value=""/></Registry>
				<Registry clsid="{9CD4B2F4-923D-47f5-A062-E897DD1DAD50}" name="Enabled" descr="Wizard Generated Registry Item" image="12"><Properties action="U" hive="HKEY_LOCAL_MACHINE" key="SYSTEM\CurrentControlSet\Control\SecurityProviders\SCHANNEL\Ciphers\NULL" name="Enabled" default="0" type="REG_DWORD" displayDecimal="0" value="00000000"/></Registry>
			</Collection>
			<Collection clsid="{53B533F5-224C-47e3-B01B-CA3B3F3FF4BF}" name="RC2 128/128"><Registry clsid="{9CD4B2F4-923D-47f5-A062-E897DD1DAD50}" name="RC2 128/128" image="2" descr="Wizard Generated Registry Item" status="RC2 128/128"><Properties action="U" hive="HKEY_LOCAL_MACHINE" key="SYSTEM\CurrentControlSet\Control\SecurityProviders\SCHANNEL\Ciphers\RC2 128/128" type="" name="" value=""/></Registry>
				<Registry clsid="{9CD4B2F4-923D-47f5-A062-E897DD1DAD50}" name="Enabled" descr="Wizard Generated Registry Item" image="12"><Properties action="U" hive="HKEY_LOCAL_MACHINE" key="SYSTEM\CurrentControlSet\Control\SecurityProviders\SCHANNEL\Ciphers\RC2 128/128" name="Enabled" default="0" type="REG_DWORD" displayDecimal="0" value="00000000"/></Registry>
			</Collection>
			<Collection clsid="{53B533F5-224C-47e3-B01B-CA3B3F3FF4BF}" name="RC2 40/128"><Registry clsid="{9CD4B2F4-923D-47f5-A062-E897DD1DAD50}" name="RC2 40/128" image="2" descr="Wizard Generated Registry Item" status="RC2 40/128"><Properties action="U" hive="HKEY_LOCAL_MACHINE" key="SYSTEM\CurrentControlSet\Control\SecurityProviders\SCHANNEL\Ciphers\RC2 40/128" type="" name="" value=""/></Registry>
				<Registry clsid="{9CD4B2F4-923D-47f5-A062-E897DD1DAD50}" name="Enabled" descr="Wizard Generated Registry Item" image="12"><Properties action="U" hive="HKEY_LOCAL_MACHINE" key="SYSTEM\CurrentControlSet\Control\SecurityProviders\SCHANNEL\Ciphers\RC2 40/128" name="Enabled" default="0" type="REG_DWORD" displayDecimal="0" value="00000000"/></Registry>
			</Collection>
			<Collection clsid="{53B533F5-224C-47e3-B01B-CA3B3F3FF4BF}" name="RC2 56/128"><Registry clsid="{9CD4B2F4-923D-47f5-A062-E897DD1DAD50}" name="RC2 56/128" image="2" descr="Wizard Generated Registry Item" status="RC2 56/128"><Properties action="U" hive="HKEY_LOCAL_MACHINE" key="SYSTEM\CurrentControlSet\Control\SecurityProviders\SCHANNEL\Ciphers\RC2 56/128" type="" name="" value=""/></Registry>
				<Registry clsid="{9CD4B2F4-923D-47f5-A062-E897DD1DAD50}" name="Enabled" descr="Wizard Generated Registry Item" image="12"><Properties action="U" hive="HKEY_LOCAL_MACHINE" key="SYSTEM\CurrentControlSet\Control\SecurityProviders\SCHANNEL\Ciphers\RC2 56/128" name="Enabled" default="0" type="REG_DWORD" displayDecimal="0" value="00000000"/></Registry>
			</Collection>
			<Collection clsid="{53B533F5-224C-47e3-B01B-CA3B3F3FF4BF}" name="RC4 128/128"><Registry clsid="{9CD4B2F4-923D-47f5-A062-E897DD1DAD50}" name="RC4 128/128" image="2" descr="Wizard Generated Registry Item" status="RC4 128/128"><Properties action="U" hive="HKEY_LOCAL_MACHINE" key="SYSTEM\CurrentControlSet\Control\SecurityProviders\SCHANNEL\Ciphers\RC4 128/128" type="" name="" value=""/></Registry>
			</Collection>
			<Collection clsid="{53B533F5-224C-47e3-B01B-CA3B3F3FF4BF}" name="RC4 40/128"><Registry clsid="{9CD4B2F4-923D-47f5-A062-E897DD1DAD50}" name="RC4 40/128" image="2" descr="Wizard Generated Registry Item" status="RC4 40/128"><Properties action="U" hive="HKEY_LOCAL_MACHINE" key="SYSTEM\CurrentControlSet\Control\SecurityProviders\SCHANNEL\Ciphers\RC4 40/128" type="" name="" value=""/></Registry>
				<Registry clsid="{9CD4B2F4-923D-47f5-A062-E897DD1DAD50}" name="Enabled" descr="Wizard Generated Registry Item" image="12"><Properties action="U" hive="HKEY_LOCAL_MACHINE" key="SYSTEM\CurrentControlSet\Control\SecurityProviders\SCHANNEL\Ciphers\RC4 40/128" name="Enabled" default="0" type="REG_DWORD" displayDecimal="0" value="00000000"/></Registry>
			</Collection>
			<Collection clsid="{53B533F5-224C-47e3-B01B-CA3B3F3FF4BF}" name="RC4 56/128"><Registry clsid="{9CD4B2F4-923D-47f5-A062-E897DD1DAD50}" name="RC4 56/128" image="2" descr="Wizard Generated Registry Item" status="RC4 56/128"><Properties action="U" hive="HKEY_LOCAL_MACHINE" key="SYSTEM\CurrentControlSet\Control\SecurityProviders\SCHANNEL\Ciphers\RC4 56/128" type="" name="" value=""/></Registry>
				<Registry clsid="{9CD4B2F4-923D-47f5-A062-E897DD1DAD50}" name="Enabled" descr="Wizard Generated Registry Item" image="12"><Properties action="U" hive="HKEY_LOCAL_MACHINE" key="SYSTEM\CurrentControlSet\Control\SecurityProviders\SCHANNEL\Ciphers\RC4 56/128" name="Enabled" default="0" type="REG_DWORD" displayDecimal="0" value="00000000"/></Registry>
			</Collection>
			<Collection clsid="{53B533F5-224C-47e3-B01B-CA3B3F3FF4BF}" name="RC4 64/128"><Registry clsid="{9CD4B2F4-923D-47f5-A062-E897DD1DAD50}" name="RC4 64/128" image="2" descr="Wizard Generated Registry Item" status="RC4 64/128"><Properties action="U" hive="HKEY_LOCAL_MACHINE" key="SYSTEM\CurrentControlSet\Control\SecurityProviders\SCHANNEL\Ciphers\RC4 64/128" type="" name="" value=""/></Registry>
				<Registry clsid="{9CD4B2F4-923D-47f5-A062-E897DD1DAD50}" name="Enabled" descr="Wizard Generated Registry Item" image="12"><Properties action="U" hive="HKEY_LOCAL_MACHINE" key="SYSTEM\CurrentControlSet\Control\SecurityProviders\SCHANNEL\Ciphers\RC4 64/128" name="Enabled" default="0" type="REG_DWORD" displayDecimal="0" value="00000000"/></Registry>
			</Collection>
			<Collection clsid="{53B533F5-224C-47e3-B01B-CA3B3F3FF4BF}" name="Triple DES 168"><Registry clsid="{9CD4B2F4-923D-47f5-A062-E897DD1DAD50}" name="Triple DES 168" image="2" descr="Wizard Generated Registry Item" status="Triple DES 168"><Properties action="U" hive="HKEY_LOCAL_MACHINE" key="SYSTEM\CurrentControlSet\Control\SecurityProviders\SCHANNEL\Ciphers\Triple DES 168" type="" name="" value=""/></Registry>
				<Registry clsid="{9CD4B2F4-923D-47f5-A062-E897DD1DAD50}" name="Enabled" descr="Wizard Generated Registry Item" image="12"><Properties action="U" hive="HKEY_LOCAL_MACHINE" key="SYSTEM\CurrentControlSet\Control\SecurityProviders\SCHANNEL\Ciphers\Triple DES 168" name="Enabled" default="0" type="REG_DWORD" displayDecimal="0" value="FFFFFFFF"/></Registry>
			</Collection>
		</Collection>
		<Collection clsid="{53B533F5-224C-47e3-B01B-CA3B3F3FF4BF}" name="Hashes"><Registry clsid="{9CD4B2F4-923D-47f5-A062-E897DD1DAD50}" name="Hashes" image="2" descr="Wizard Generated Registry Item" status="Hashes"><Properties action="U" hive="HKEY_LOCAL_MACHINE" key="SYSTEM\CurrentControlSet\Control\SecurityProviders\SCHANNEL\Hashes" type="" name="" value=""/></Registry>
			<Collection clsid="{53B533F5-224C-47e3-B01B-CA3B3F3FF4BF}" name="MD5"><Registry clsid="{9CD4B2F4-923D-47f5-A062-E897DD1DAD50}" name="MD5" image="2" descr="Wizard Generated Registry Item" status="MD5"><Properties action="U" hive="HKEY_LOCAL_MACHINE" key="SYSTEM\CurrentControlSet\Control\SecurityProviders\SCHANNEL\Hashes\MD5" type="" name="" value=""/></Registry>
				<Registry clsid="{9CD4B2F4-923D-47f5-A062-E897DD1DAD50}" name="Enabled" descr="Wizard Generated Registry Item" image="12"><Properties action="U" hive="HKEY_LOCAL_MACHINE" key="SYSTEM\CurrentControlSet\Control\SecurityProviders\SCHANNEL\Hashes\MD5" name="Enabled" default="0" type="REG_DWORD" displayDecimal="0" value="FFFFFFFF"/></Registry>
			</Collection>
			<Collection clsid="{53B533F5-224C-47e3-B01B-CA3B3F3FF4BF}" name="SHA"><Registry clsid="{9CD4B2F4-923D-47f5-A062-E897DD1DAD50}" name="SHA" image="2" descr="Wizard Generated Registry Item" status="SHA"><Properties action="U" hive="HKEY_LOCAL_MACHINE" key="SYSTEM\CurrentControlSet\Control\SecurityProviders\SCHANNEL\Hashes\SHA" type="" name="" value=""/></Registry>
				<Registry clsid="{9CD4B2F4-923D-47f5-A062-E897DD1DAD50}" name="Enabled" descr="Wizard Generated Registry Item" image="12"><Properties action="U" hive="HKEY_LOCAL_MACHINE" key="SYSTEM\CurrentControlSet\Control\SecurityProviders\SCHANNEL\Hashes\SHA" name="Enabled" default="0" type="REG_DWORD" displayDecimal="0" value="FFFFFFFF"/></Registry>
			</Collection>
			<Collection clsid="{53B533F5-224C-47e3-B01B-CA3B3F3FF4BF}" name="SHA256"><Registry clsid="{9CD4B2F4-923D-47f5-A062-E897DD1DAD50}" name="SHA256" image="2" descr="Wizard Generated Registry Item" status="SHA256"><Properties action="U" hive="HKEY_LOCAL_MACHINE" key="SYSTEM\CurrentControlSet\Control\SecurityProviders\SCHANNEL\Hashes\SHA256" type="" name="" value=""/></Registry>
			</Collection>
			<Collection clsid="{53B533F5-224C-47e3-B01B-CA3B3F3FF4BF}" name="SHA384"><Registry clsid="{9CD4B2F4-923D-47f5-A062-E897DD1DAD50}" name="SHA384" image="2" descr="Wizard Generated Registry Item" status="SHA384"><Properties action="U" hive="HKEY_LOCAL_MACHINE" key="SYSTEM\CurrentControlSet\Control\SecurityProviders\SCHANNEL\Hashes\SHA384" type="" name="" value=""/></Registry>
				<Registry clsid="{9CD4B2F4-923D-47f5-A062-E897DD1DAD50}" name="Enabled" descr="Wizard Generated Registry Item" image="12"><Properties action="U" hive="HKEY_LOCAL_MACHINE" key="SYSTEM\CurrentControlSet\Control\SecurityProviders\SCHANNEL\Hashes\SHA384" name="Enabled" default="0" type="REG_DWORD" displayDecimal="0" value="FFFFFFFF"/></Registry>
			</Collection>
			<Collection clsid="{53B533F5-224C-47e3-B01B-CA3B3F3FF4BF}" name="SHA512"><Registry clsid="{9CD4B2F4-923D-47f5-A062-E897DD1DAD50}" name="SHA512" image="2" descr="Wizard Generated Registry Item" status="SHA512"><Properties action="U" hive="HKEY_LOCAL_MACHINE" key="SYSTEM\CurrentControlSet\Control\SecurityProviders\SCHANNEL\Hashes\SHA512" type="" name="" value=""/></Registry>
				<Registry clsid="{9CD4B2F4-923D-47f5-A062-E897DD1DAD50}" name="Enabled" descr="Wizard Generated Registry Item" image="12"><Properties action="U" hive="HKEY_LOCAL_MACHINE" key="SYSTEM\CurrentControlSet\Control\SecurityProviders\SCHANNEL\Hashes\SHA512" name="Enabled" default="0" type="REG_DWORD" displayDecimal="0" value="FFFFFFFF"/></Registry>
			</Collection>
		</Collection>
		<Collection clsid="{53B533F5-224C-47e3-B01B-CA3B3F3FF4BF}" name="KeyExchangeAlgorithms"><Collection clsid="{53B533F5-224C-47e3-B01B-CA3B3F3FF4BF}" name="Diffie-Hellman"><Registry clsid="{9CD4B2F4-923D-47f5-A062-E897DD1DAD50}" name="Diffie-Hellman" image="2" descr="Wizard Generated Registry Item" status="Diffie-Hellman"><Properties action="U" hive="HKEY_LOCAL_MACHINE" key="SYSTEM\CurrentControlSet\Control\SecurityProviders\SCHANNEL\KeyExchangeAlgorithms\Diffie-Hellman" type="" name="" value=""/></Registry>
				<Registry clsid="{9CD4B2F4-923D-47f5-A062-E897DD1DAD50}" name="Enabled" descr="Wizard Generated Registry Item" image="12"><Properties action="U" hive="HKEY_LOCAL_MACHINE" key="SYSTEM\CurrentControlSet\Control\SecurityProviders\SCHANNEL\KeyExchangeAlgorithms\Diffie-Hellman" name="Enabled" default="0" type="REG_DWORD" displayDecimal="0" value="FFFFFFFF"/></Registry>
			</Collection>
			<Collection clsid="{53B533F5-224C-47e3-B01B-CA3B3F3FF4BF}" name="ECDH"><Registry clsid="{9CD4B2F4-923D-47f5-A062-E897DD1DAD50}" name="ECDH" image="2" descr="Wizard Generated Registry Item" status="ECDH"><Properties action="U" hive="HKEY_LOCAL_MACHINE" key="SYSTEM\CurrentControlSet\Control\SecurityProviders\SCHANNEL\KeyExchangeAlgorithms\ECDH" type="" name="" value=""/></Registry>
				<Registry clsid="{9CD4B2F4-923D-47f5-A062-E897DD1DAD50}" name="Enabled" descr="Wizard Generated Registry Item" image="12"><Properties action="U" hive="HKEY_LOCAL_MACHINE" key="SYSTEM\CurrentControlSet\Control\SecurityProviders\SCHANNEL\KeyExchangeAlgorithms\ECDH" name="Enabled" default="0" type="REG_DWORD" displayDecimal="0" value="FFFFFFFF"/></Registry>
			</Collection>
			<Collection clsid="{53B533F5-224C-47e3-B01B-CA3B3F3FF4BF}" name="PKCS"><Registry clsid="{9CD4B2F4-923D-47f5-A062-E897DD1DAD50}" name="PKCS" image="2" descr="Wizard Generated Registry Item" status="PKCS"><Properties action="U" hive="HKEY_LOCAL_MACHINE" key="SYSTEM\CurrentControlSet\Control\SecurityProviders\SCHANNEL\KeyExchangeAlgorithms\PKCS" type="" name="" value=""/></Registry>
				<Registry clsid="{9CD4B2F4-923D-47f5-A062-E897DD1DAD50}" name="Enabled" descr="Wizard Generated Registry Item" image="12"><Properties action="U" hive="HKEY_LOCAL_MACHINE" key="SYSTEM\CurrentControlSet\Control\SecurityProviders\SCHANNEL\KeyExchangeAlgorithms\PKCS" name="Enabled" default="0" type="REG_DWORD" displayDecimal="0" value="FFFFFFFF"/></Registry>
			</Collection>
		</Collection>
		<Collection clsid="{53B533F5-224C-47e3-B01B-CA3B3F3FF4BF}" name="Protocols"><Registry clsid="{9CD4B2F4-923D-47f5-A062-E897DD1DAD50}" name="Protocols" image="2" descr="Wizard Generated Registry Item" status="Protocols"><Properties action="U" hive="HKEY_LOCAL_MACHINE" key="SYSTEM\CurrentControlSet\Control\SecurityProviders\SCHANNEL\Protocols" type="" name="" value=""/></Registry>
			<Collection clsid="{53B533F5-224C-47e3-B01B-CA3B3F3FF4BF}" name="Multi-Protocol Unified Hello"><Registry clsid="{9CD4B2F4-923D-47f5-A062-E897DD1DAD50}" name="Multi-Protocol Unified Hello" image="2" descr="Wizard Generated Registry Item" status="Multi-Protocol Unified Hello"><Properties action="U" hive="HKEY_LOCAL_MACHINE" key="SYSTEM\CurrentControlSet\Control\SecurityProviders\SCHANNEL\Protocols\Multi-Protocol Unified Hello" type="" name="" value=""/></Registry>
				<Collection clsid="{53B533F5-224C-47e3-B01B-CA3B3F3FF4BF}" name="Client"><Registry clsid="{9CD4B2F4-923D-47f5-A062-E897DD1DAD50}" name="Client" image="2" descr="Wizard Generated Registry Item" status="Client"><Properties action="U" hive="HKEY_LOCAL_MACHINE" key="SYSTEM\CurrentControlSet\Control\SecurityProviders\SCHANNEL\Protocols\Multi-Protocol Unified Hello\Client" type="" name="" value=""/></Registry>
					<Registry clsid="{9CD4B2F4-923D-47f5-A062-E897DD1DAD50}" name="Enabled" descr="Wizard Generated Registry Item" image="12"><Properties action="U" hive="HKEY_LOCAL_MACHINE" key="SYSTEM\CurrentControlSet\Control\SecurityProviders\SCHANNEL\Protocols\Multi-Protocol Unified Hello\Client" name="Enabled" default="0" type="REG_DWORD" displayDecimal="0" value="00000000"/></Registry>
					<Registry clsid="{9CD4B2F4-923D-47f5-A062-E897DD1DAD50}" name="DisabledByDefault" descr="Wizard Generated Registry Item" image="12"><Properties action="U" hive="HKEY_LOCAL_MACHINE" key="SYSTEM\CurrentControlSet\Control\SecurityProviders\SCHANNEL\Protocols\Multi-Protocol Unified Hello\Client" name="DisabledByDefault" default="0" type="REG_DWORD" displayDecimal="0" value="00000001"/></Registry>
				</Collection>
				<Collection clsid="{53B533F5-224C-47e3-B01B-CA3B3F3FF4BF}" name="Server"><Registry clsid="{9CD4B2F4-923D-47f5-A062-E897DD1DAD50}" name="Server" image="2" descr="Wizard Generated Registry Item" status="Server"><Properties action="U" hive="HKEY_LOCAL_MACHINE" key="SYSTEM\CurrentControlSet\Control\SecurityProviders\SCHANNEL\Protocols\Multi-Protocol Unified Hello\Server" type="" name="" value=""/></Registry>
					<Registry clsid="{9CD4B2F4-923D-47f5-A062-E897DD1DAD50}" name="Enabled" descr="Wizard Generated Registry Item" image="12"><Properties action="U" hive="HKEY_LOCAL_MACHINE" key="SYSTEM\CurrentControlSet\Control\SecurityProviders\SCHANNEL\Protocols\Multi-Protocol Unified Hello\Server" name="Enabled" default="0" type="REG_DWORD" displayDecimal="0" value="00000000"/></Registry>
					<Registry clsid="{9CD4B2F4-923D-47f5-A062-E897DD1DAD50}" name="DisabledByDefault" descr="Wizard Generated Registry Item" image="12"><Properties action="U" hive="HKEY_LOCAL_MACHINE" key="SYSTEM\CurrentControlSet\Control\SecurityProviders\SCHANNEL\Protocols\Multi-Protocol Unified Hello\Server" name="DisabledByDefault" default="0" type="REG_DWORD" displayDecimal="0" value="00000001"/></Registry>
				</Collection>
			</Collection>
			<Collection clsid="{53B533F5-224C-47e3-B01B-CA3B3F3FF4BF}" name="PCT 1.0"><Registry clsid="{9CD4B2F4-923D-47f5-A062-E897DD1DAD50}" name="PCT 1.0" image="2" descr="Wizard Generated Registry Item" status="PCT 1.0"><Properties action="U" hive="HKEY_LOCAL_MACHINE" key="SYSTEM\CurrentControlSet\Control\SecurityProviders\SCHANNEL\Protocols\PCT 1.0" type="" name="" value=""/></Registry>
				<Collection clsid="{53B533F5-224C-47e3-B01B-CA3B3F3FF4BF}" name="Client"><Registry clsid="{9CD4B2F4-923D-47f5-A062-E897DD1DAD50}" name="Client" image="2" descr="Wizard Generated Registry Item" status="Client"><Properties action="U" hive="HKEY_LOCAL_MACHINE" key="SYSTEM\CurrentControlSet\Control\SecurityProviders\SCHANNEL\Protocols\PCT 1.0\Client" type="" name="" value=""/></Registry>
					<Registry clsid="{9CD4B2F4-923D-47f5-A062-E897DD1DAD50}" name="Enabled" descr="Wizard Generated Registry Item" image="12"><Properties action="U" hive="HKEY_LOCAL_MACHINE" key="SYSTEM\CurrentControlSet\Control\SecurityProviders\SCHANNEL\Protocols\PCT 1.0\Client" name="Enabled" default="0" type="REG_DWORD" displayDecimal="0" value="00000000"/></Registry>
					<Registry clsid="{9CD4B2F4-923D-47f5-A062-E897DD1DAD50}" name="DisabledByDefault" descr="Wizard Generated Registry Item" image="12"><Properties action="U" hive="HKEY_LOCAL_MACHINE" key="SYSTEM\CurrentControlSet\Control\SecurityProviders\SCHANNEL\Protocols\PCT 1.0\Client" name="DisabledByDefault" default="0" type="REG_DWORD" displayDecimal="0" value="00000001"/></Registry>
				</Collection>
				<Collection clsid="{53B533F5-224C-47e3-B01B-CA3B3F3FF4BF}" name="Server"><Registry clsid="{9CD4B2F4-923D-47f5-A062-E897DD1DAD50}" name="Server" image="2" descr="Wizard Generated Registry Item" status="Server"><Properties action="U" hive="HKEY_LOCAL_MACHINE" key="SYSTEM\CurrentControlSet\Control\SecurityProviders\SCHANNEL\Protocols\PCT 1.0\Server" type="" name="" value=""/></Registry>
					<Registry clsid="{9CD4B2F4-923D-47f5-A062-E897DD1DAD50}" name="Enabled" descr="Wizard Generated Registry Item" image="12"><Properties action="U" hive="HKEY_LOCAL_MACHINE" key="SYSTEM\CurrentControlSet\Control\SecurityProviders\SCHANNEL\Protocols\PCT 1.0\Server" name="Enabled" default="0" type="REG_DWORD" displayDecimal="0" value="00000000"/></Registry>
					<Registry clsid="{9CD4B2F4-923D-47f5-A062-E897DD1DAD50}" name="DisabledByDefault" descr="Wizard Generated Registry Item" image="12"><Properties action="U" hive="HKEY_LOCAL_MACHINE" key="SYSTEM\CurrentControlSet\Control\SecurityProviders\SCHANNEL\Protocols\PCT 1.0\Server" name="DisabledByDefault" default="0" type="REG_DWORD" displayDecimal="0" value="00000001"/></Registry>
				</Collection>
			</Collection>
			<Collection clsid="{53B533F5-224C-47e3-B01B-CA3B3F3FF4BF}" name="SSL 2.0"><Registry clsid="{9CD4B2F4-923D-47f5-A062-E897DD1DAD50}" name="SSL 2.0" image="2" descr="Wizard Generated Registry Item" status="SSL 2.0"><Properties action="U" hive="HKEY_LOCAL_MACHINE" key="SYSTEM\CurrentControlSet\Control\SecurityProviders\SCHANNEL\Protocols\SSL 2.0" type="" name="" value=""/></Registry>
				<Collection clsid="{53B533F5-224C-47e3-B01B-CA3B3F3FF4BF}" name="Client"><Registry clsid="{9CD4B2F4-923D-47f5-A062-E897DD1DAD50}" name="Client" image="2" descr="Wizard Generated Registry Item" status="Client"><Properties action="U" hive="HKEY_LOCAL_MACHINE" key="SYSTEM\CurrentControlSet\Control\SecurityProviders\SCHANNEL\Protocols\SSL 2.0\Client" type="" name="" value=""/></Registry>
					<Registry clsid="{9CD4B2F4-923D-47f5-A062-E897DD1DAD50}" name="Enabled" descr="Wizard Generated Registry Item" image="12"><Properties action="U" hive="HKEY_LOCAL_MACHINE" key="SYSTEM\CurrentControlSet\Control\SecurityProviders\SCHANNEL\Protocols\SSL 2.0\Client" name="Enabled" default="0" type="REG_DWORD" displayDecimal="0" value="00000000"/></Registry>
					<Registry clsid="{9CD4B2F4-923D-47f5-A062-E897DD1DAD50}" name="DisabledByDefault" descr="Wizard Generated Registry Item" image="12"><Properties action="U" hive="HKEY_LOCAL_MACHINE" key="SYSTEM\CurrentControlSet\Control\SecurityProviders\SCHANNEL\Protocols\SSL 2.0\Client" name="DisabledByDefault" default="0" type="REG_DWORD" displayDecimal="0" value="00000001"/></Registry>
				</Collection>
				<Collection clsid="{53B533F5-224C-47e3-B01B-CA3B3F3FF4BF}" name="Server"><Registry clsid="{9CD4B2F4-923D-47f5-A062-E897DD1DAD50}" name="Server" image="2" descr="Wizard Generated Registry Item" status="Server"><Properties action="U" hive="HKEY_LOCAL_MACHINE" key="SYSTEM\CurrentControlSet\Control\SecurityProviders\SCHANNEL\Protocols\SSL 2.0\Server" type="" name="" value=""/></Registry>
					<Registry clsid="{9CD4B2F4-923D-47f5-A062-E897DD1DAD50}" name="Enabled" descr="Wizard Generated Registry Item" image="12"><Properties action="U" hive="HKEY_LOCAL_MACHINE" key="SYSTEM\CurrentControlSet\Control\SecurityProviders\SCHANNEL\Protocols\SSL 2.0\Server" name="Enabled" default="0" type="REG_DWORD" displayDecimal="0" value="00000000"/></Registry>
					<Registry clsid="{9CD4B2F4-923D-47f5-A062-E897DD1DAD50}" name="DisabledByDefault" descr="Wizard Generated Registry Item" image="12"><Properties action="U" hive="HKEY_LOCAL_MACHINE" key="SYSTEM\CurrentControlSet\Control\SecurityProviders\SCHANNEL\Protocols\SSL 2.0\Server" name="DisabledByDefault" default="0" type="REG_DWORD" displayDecimal="0" value="00000001"/></Registry>
				</Collection>
			</Collection>
			<Collection clsid="{53B533F5-224C-47e3-B01B-CA3B3F3FF4BF}" name="SSL 3.0"><Registry clsid="{9CD4B2F4-923D-47f5-A062-E897DD1DAD50}" name="SSL 3.0" image="2" descr="Wizard Generated Registry Item" status="SSL 3.0"><Properties action="U" hive="HKEY_LOCAL_MACHINE" key="SYSTEM\CurrentControlSet\Control\SecurityProviders\SCHANNEL\Protocols\SSL 3.0" type="" name="" value=""/></Registry>
				<Collection clsid="{53B533F5-224C-47e3-B01B-CA3B3F3FF4BF}" name="Client"><Registry clsid="{9CD4B2F4-923D-47f5-A062-E897DD1DAD50}" name="Client" image="2" descr="Wizard Generated Registry Item" status="Client"><Properties action="U" hive="HKEY_LOCAL_MACHINE" key="SYSTEM\CurrentControlSet\Control\SecurityProviders\SCHANNEL\Protocols\SSL 3.0\Client" type="" name="" value=""/></Registry>
					<Registry clsid="{9CD4B2F4-923D-47f5-A062-E897DD1DAD50}" name="Enabled" descr="Wizard Generated Registry Item" image="12"><Properties action="U" hive="HKEY_LOCAL_MACHINE" key="SYSTEM\CurrentControlSet\Control\SecurityProviders\SCHANNEL\Protocols\SSL 3.0\Client" name="Enabled" default="0" type="REG_DWORD" displayDecimal="0" value="00000000"/></Registry>
					<Registry clsid="{9CD4B2F4-923D-47f5-A062-E897DD1DAD50}" name="DisabledByDefault" descr="Wizard Generated Registry Item" image="12"><Properties action="U" hive="HKEY_LOCAL_MACHINE" key="SYSTEM\CurrentControlSet\Control\SecurityProviders\SCHANNEL\Protocols\SSL 3.0\Client" name="DisabledByDefault" default="0" type="REG_DWORD" displayDecimal="0" value="00000001"/></Registry>
				</Collection>
				<Collection clsid="{53B533F5-224C-47e3-B01B-CA3B3F3FF4BF}" name="Server"><Registry clsid="{9CD4B2F4-923D-47f5-A062-E897DD1DAD50}" name="Server" image="2" descr="Wizard Generated Registry Item" status="Server"><Properties action="U" hive="HKEY_LOCAL_MACHINE" key="SYSTEM\CurrentControlSet\Control\SecurityProviders\SCHANNEL\Protocols\SSL 3.0\Server" type="" name="" value=""/></Registry>
					<Registry clsid="{9CD4B2F4-923D-47f5-A062-E897DD1DAD50}" name="Enabled" descr="Wizard Generated Registry Item" image="12"><Properties action="U" hive="HKEY_LOCAL_MACHINE" key="SYSTEM\CurrentControlSet\Control\SecurityProviders\SCHANNEL\Protocols\SSL 3.0\Server" name="Enabled" default="0" type="REG_DWORD" displayDecimal="0" value="00000000"/></Registry>
					<Registry clsid="{9CD4B2F4-923D-47f5-A062-E897DD1DAD50}" name="DisabledByDefault" descr="Wizard Generated Registry Item" image="12"><Properties action="U" hive="HKEY_LOCAL_MACHINE" key="SYSTEM\CurrentControlSet\Control\SecurityProviders\SCHANNEL\Protocols\SSL 3.0\Server" name="DisabledByDefault" default="0" type="REG_DWORD" displayDecimal="0" value="00000001"/></Registry>
				</Collection>
			</Collection>
			<Collection clsid="{53B533F5-224C-47e3-B01B-CA3B3F3FF4BF}" name="TLS 1.0"><Registry clsid="{9CD4B2F4-923D-47f5-A062-E897DD1DAD50}" name="TLS 1.0" image="2" descr="Wizard Generated Registry Item" status="TLS 1.0"><Properties action="U" hive="HKEY_LOCAL_MACHINE" key="SYSTEM\CurrentControlSet\Control\SecurityProviders\SCHANNEL\Protocols\TLS 1.0" type="" name="" value=""/></Registry>
				<Collection clsid="{53B533F5-224C-47e3-B01B-CA3B3F3FF4BF}" name="Client"><Registry clsid="{9CD4B2F4-923D-47f5-A062-E897DD1DAD50}" name="Client" image="2" descr="Wizard Generated Registry Item" status="Client"><Properties action="U" hive="HKEY_LOCAL_MACHINE" key="SYSTEM\CurrentControlSet\Control\SecurityProviders\SCHANNEL\Protocols\TLS 1.0\Client" type="" name="" value=""/></Registry>
					<Registry clsid="{9CD4B2F4-923D-47f5-A062-E897DD1DAD50}" name="Enabled" descr="Wizard Generated Registry Item" image="12"><Properties action="U" hive="HKEY_LOCAL_MACHINE" key="SYSTEM\CurrentControlSet\Control\SecurityProviders\SCHANNEL\Protocols\TLS 1.0\Client" name="Enabled" default="0" type="REG_DWORD" displayDecimal="0" value="FFFFFFFF"/></Registry>
					<Registry clsid="{9CD4B2F4-923D-47f5-A062-E897DD1DAD50}" name="DisabledByDefault" descr="Wizard Generated Registry Item" image="12"><Properties action="U" hive="HKEY_LOCAL_MACHINE" key="SYSTEM\CurrentControlSet\Control\SecurityProviders\SCHANNEL\Protocols\TLS 1.0\Client" name="DisabledByDefault" default="0" type="REG_DWORD" displayDecimal="0" value="00000000"/></Registry>
				</Collection>
				<Collection clsid="{53B533F5-224C-47e3-B01B-CA3B3F3FF4BF}" name="Server"><Registry clsid="{9CD4B2F4-923D-47f5-A062-E897DD1DAD50}" name="Server" image="2" descr="Wizard Generated Registry Item" status="Server"><Properties action="U" hive="HKEY_LOCAL_MACHINE" key="SYSTEM\CurrentControlSet\Control\SecurityProviders\SCHANNEL\Protocols\TLS 1.0\Server" type="" name="" value=""/></Registry>
					<Registry clsid="{9CD4B2F4-923D-47f5-A062-E897DD1DAD50}" name="Enabled" descr="Wizard Generated Registry Item" image="12"><Properties action="U" hive="HKEY_LOCAL_MACHINE" key="SYSTEM\CurrentControlSet\Control\SecurityProviders\SCHANNEL\Protocols\TLS 1.0\Server" name="Enabled" default="0" type="REG_DWORD" displayDecimal="0" value="FFFFFFFF"/></Registry>
					<Registry clsid="{9CD4B2F4-923D-47f5-A062-E897DD1DAD50}" name="DisabledByDefault" descr="Wizard Generated Registry Item" image="12"><Properties action="U" hive="HKEY_LOCAL_MACHINE" key="SYSTEM\CurrentControlSet\Control\SecurityProviders\SCHANNEL\Protocols\TLS 1.0\Server" name="DisabledByDefault" default="0" type="REG_DWORD" displayDecimal="0" value="00000000"/></Registry>
				</Collection>
			</Collection>
			<Collection clsid="{53B533F5-224C-47e3-B01B-CA3B3F3FF4BF}" name="TLS 1.1"><Registry clsid="{9CD4B2F4-923D-47f5-A062-E897DD1DAD50}" name="TLS 1.1" image="2" descr="Wizard Generated Registry Item" status="TLS 1.1"><Properties action="U" hive="HKEY_LOCAL_MACHINE" key="SYSTEM\CurrentControlSet\Control\SecurityProviders\SCHANNEL\Protocols\TLS 1.1" type="" name="" value=""/></Registry>
				<Collection clsid="{53B533F5-224C-47e3-B01B-CA3B3F3FF4BF}" name="Client"><Registry clsid="{9CD4B2F4-923D-47f5-A062-E897DD1DAD50}" name="Client" image="2" descr="Wizard Generated Registry Item" status="Client"><Properties action="U" hive="HKEY_LOCAL_MACHINE" key="SYSTEM\CurrentControlSet\Control\SecurityProviders\SCHANNEL\Protocols\TLS 1.1\Client" type="" name="" value=""/></Registry>
					<Registry clsid="{9CD4B2F4-923D-47f5-A062-E897DD1DAD50}" name="Enabled" descr="Wizard Generated Registry Item" image="12"><Properties action="U" hive="HKEY_LOCAL_MACHINE" key="SYSTEM\CurrentControlSet\Control\SecurityProviders\SCHANNEL\Protocols\TLS 1.1\Client" name="Enabled" default="0" type="REG_DWORD" displayDecimal="0" value="FFFFFFFF"/></Registry>
					<Registry clsid="{9CD4B2F4-923D-47f5-A062-E897DD1DAD50}" name="DisabledByDefault" descr="Wizard Generated Registry Item" image="12"><Properties action="U" hive="HKEY_LOCAL_MACHINE" key="SYSTEM\CurrentControlSet\Control\SecurityProviders\SCHANNEL\Protocols\TLS 1.1\Client" name="DisabledByDefault" default="0" type="REG_DWORD" displayDecimal="0" value="00000000"/></Registry>
				</Collection>
				<Collection clsid="{53B533F5-224C-47e3-B01B-CA3B3F3FF4BF}" name="Server"><Registry clsid="{9CD4B2F4-923D-47f5-A062-E897DD1DAD50}" name="Server" image="2" descr="Wizard Generated Registry Item" status="Server"><Properties action="U" hive="HKEY_LOCAL_MACHINE" key="SYSTEM\CurrentControlSet\Control\SecurityProviders\SCHANNEL\Protocols\TLS 1.1\Server" type="" name="" value=""/></Registry>
					<Registry clsid="{9CD4B2F4-923D-47f5-A062-E897DD1DAD50}" name="Enabled" descr="Wizard Generated Registry Item" image="12"><Properties action="U" hive="HKEY_LOCAL_MACHINE" key="SYSTEM\CurrentControlSet\Control\SecurityProviders\SCHANNEL\Protocols\TLS 1.1\Server" name="Enabled" default="0" type="REG_DWORD" displayDecimal="0" value="FFFFFFFF"/></Registry>
					<Registry clsid="{9CD4B2F4-923D-47f5-A062-E897DD1DAD50}" name="DisabledByDefault" descr="Wizard Generated Registry Item" image="12"><Properties action="U" hive="HKEY_LOCAL_MACHINE" key="SYSTEM\CurrentControlSet\Control\SecurityProviders\SCHANNEL\Protocols\TLS 1.1\Server" name="DisabledByDefault" default="0" type="REG_DWORD" displayDecimal="0" value="00000000"/></Registry>
				</Collection>
			</Collection>
			<Collection clsid="{53B533F5-224C-47e3-B01B-CA3B3F3FF4BF}" name="TLS 1.2"><Registry clsid="{9CD4B2F4-923D-47f5-A062-E897DD1DAD50}" name="TLS 1.2" image="2" descr="Wizard Generated Registry Item" status="TLS 1.2"><Properties action="U" hive="HKEY_LOCAL_MACHINE" key="SYSTEM\CurrentControlSet\Control\SecurityProviders\SCHANNEL\Protocols\TLS 1.2" type="" name="" value=""/></Registry>
				<Collection clsid="{53B533F5-224C-47e3-B01B-CA3B3F3FF4BF}" name="Client"><Registry clsid="{9CD4B2F4-923D-47f5-A062-E897DD1DAD50}" name="Client" image="2" descr="Wizard Generated Registry Item" status="Client"><Properties action="U" hive="HKEY_LOCAL_MACHINE" key="SYSTEM\CurrentControlSet\Control\SecurityProviders\SCHANNEL\Protocols\TLS 1.2\Client" type="" name="" value=""/></Registry>
					<Registry clsid="{9CD4B2F4-923D-47f5-A062-E897DD1DAD50}" name="Enabled" descr="Wizard Generated Registry Item" image="12"><Properties action="U" hive="HKEY_LOCAL_MACHINE" key="SYSTEM\CurrentControlSet\Control\SecurityProviders\SCHANNEL\Protocols\TLS 1.2\Client" name="Enabled" default="0" type="REG_DWORD" displayDecimal="0" value="FFFFFFFF"/></Registry>
					<Registry clsid="{9CD4B2F4-923D-47f5-A062-E897DD1DAD50}" name="DisabledByDefault" descr="Wizard Generated Registry Item" image="12"><Properties action="U" hive="HKEY_LOCAL_MACHINE" key="SYSTEM\CurrentControlSet\Control\SecurityProviders\SCHANNEL\Protocols\TLS 1.2\Client" name="DisabledByDefault" default="0" type="REG_DWORD" displayDecimal="0" value="00000000"/></Registry>
				</Collection>
				<Collection clsid="{53B533F5-224C-47e3-B01B-CA3B3F3FF4BF}" name="Server"><Registry clsid="{9CD4B2F4-923D-47f5-A062-E897DD1DAD50}" name="Server" image="2" descr="Wizard Generated Registry Item" status="Server"><Properties action="U" hive="HKEY_LOCAL_MACHINE" key="SYSTEM\CurrentControlSet\Control\SecurityProviders\SCHANNEL\Protocols\TLS 1.2\Server" type="" name="" value=""/></Registry>
					<Registry clsid="{9CD4B2F4-923D-47f5-A062-E897DD1DAD50}" name="Enabled" descr="Wizard Generated Registry Item" image="12"><Properties action="U" hive="HKEY_LOCAL_MACHINE" key="SYSTEM\CurrentControlSet\Control\SecurityProviders\SCHANNEL\Protocols\TLS 1.2\Server" name="Enabled" default="0" type="REG_DWORD" displayDecimal="0" value="FFFFFFFF"/></Registry>
					<Registry clsid="{9CD4B2F4-923D-47f5-A062-E897DD1DAD50}" name="DisabledByDefault" descr="Wizard Generated Registry Item" image="12"><Properties action="U" hive="HKEY_LOCAL_MACHINE" key="SYSTEM\CurrentControlSet\Control\SecurityProviders\SCHANNEL\Protocols\TLS 1.2\Server" name="DisabledByDefault" default="0" type="REG_DWORD" displayDecimal="0" value="00000000"/></Registry>
				</Collection>
			</Collection>
		</Collection>
	</Collection>
</RegistrySettings>
