<?xml version="1.0" encoding="utf-8"?>
<Groups clsid="{3125E937-EB16-4b4c-9934-544FC6D24D26}"><Group clsid="{6D4A79E4-529C-4481-ABD0-F5BD7EA93BA7}" name="Administrators (built-in)" image="2" changed="2016-10-05 10:03:22" uid="{64885035-F331-47ED-A447-CBCC54D5550D}" userContext="0" removePolicy="0"><Properties action="U" newName="" description="Administrators have complete and unrestricted access to the computer/domain" deleteAllUsers="1" deleteAllGroups="1" removeAccounts="0" groupSid="S-1-5-32-544" groupName="Administrators (built-in)"><Members><Member name="%DomainName%\PERM-LA-SVR-Test-ALL" action="ADD" sid=""/></Members></Properties><Filters/></Group>
	<Group clsid="{6D4A79E4-529C-4481-ABD0-F5BD7EA93BA7}" name="Administrators (built-in)" image="2" changed="2016-10-05 10:06:31" uid="{3F865BA9-F371-4104-90BE-C3EB1394FB84}" userContext="0" removePolicy="0"><Properties action="U" newName="" description="Administrators have complete and unrestricted access to the computer/domain" deleteAllUsers="0" deleteAllGroups="0" removeAccounts="0" groupSid="S-1-5-32-544" groupName="Administrators (built-in)"><Members><Member name="%DomainName%\PERM-LA-SVR-%ComputerName%" action="ADD" sid=""/></Members></Properties><Filters><FilterLdap bool="AND" not="0" searchFilter="(&amp;(objectCategory=group)(cn=PERM-LA-SVR-%ComputerName%))" binding="LDAP:" variableName="" attribute=""/></Filters></Group>
	<Group clsid="{6D4A79E4-529C-4481-ABD0-F5BD7EA93BA7}" name="Event Log Readers (built-in)" image="2" changed="2016-10-05 10:07:14" uid="{000AE179-1058-4CE7-A042-0ED1B638E621}" userContext="0" removePolicy="0"><Properties action="U" newName="" description="Members of this group can read event logs from local machine" deleteAllUsers="1" deleteAllGroups="1" removeAccounts="0" groupSid="S-1-5-32-573" groupName="Event Log Readers (built-in)"><Members><Member name="%DomainName%\PERM-ELR-SVR-Test-ALL" action="ADD" sid=""/></Members></Properties><Filters/></Group>
	<Group clsid="{6D4A79E4-529C-4481-ABD0-F5BD7EA93BA7}" name="Event Log Readers (built-in)" image="2" changed="2016-10-05 10:08:07" uid="{A6A27C12-7FB8-4CC8-A31E-B9563F815451}" userContext="0" removePolicy="0"><Properties action="U" newName="" description="Members of this group can read event logs from local machine" deleteAllUsers="0" deleteAllGroups="0" removeAccounts="0" groupSid="S-1-5-32-573" groupName="Event Log Readers (built-in)"><Members><Member name="%DomainName%\PERM-ELR-SVR-%ComputerName%" action="ADD" sid=""/></Members></Properties><Filters><FilterLdap bool="AND" not="0" searchFilter="(&amp;(objectCategory=group)(cn=PERM-ELR-SVR-%ComputerName%))" binding="LDAP:" variableName="" attribute=""/></Filters></Group>
	<Group clsid="{6D4A79E4-529C-4481-ABD0-F5BD7EA93BA7}" name="Performance Log Users (built-in)" image="2" changed="2016-10-05 10:08:44" uid="{4B7EEFFC-E9D8-4491-BAB8-0AB56CEE144E}" userContext="0" removePolicy="0"><Properties action="U" newName="" description="Members of this group may schedule logging of performance counters, enable trace providers, and collect event traces both locally and via remote access to this computer" deleteAllUsers="1" deleteAllGroups="1" removeAccounts="0" groupSid="S-1-5-32-559" groupName="Performance Log Users (built-in)"><Members><Member name="%DomainName%\PERM-PLU-SVR-Test-ALL" action="ADD" sid=""/></Members></Properties><Filters/></Group>
	<Group clsid="{6D4A79E4-529C-4481-ABD0-F5BD7EA93BA7}" name="Performance Log Users (built-in)" image="2" changed="2016-10-05 10:09:17" uid="{DCC1BE66-A494-44FE-B303-99A10BE092D8}" userContext="0" removePolicy="0"><Properties action="U" newName="" description="Members of this group may schedule logging of performance counters, enable trace providers, and collect event traces both locally and via remote access to this computer" deleteAllUsers="0" deleteAllGroups="0" removeAccounts="0" groupSid="S-1-5-32-559" groupName="Performance Log Users (built-in)"><Members><Member name="%DomainName%\PERM-PLU-SVR-%ComputerName%" action="ADD" sid=""/></Members></Properties><Filters><FilterLdap bool="AND" not="0" searchFilter="(&amp;(objectCategory=group)(cn=CN=PERM-PLU-SVR-%ComputerName%))" binding="LDAP:" variableName="" attribute=""/></Filters></Group>
	<Group clsid="{6D4A79E4-529C-4481-ABD0-F5BD7EA93BA7}" name="Performance Monitor Users (built-in)" image="2" changed="2016-10-05 10:09:47" uid="{945DB7EE-34D1-4BC5-B171-B7AD3E1A0973}" userContext="0" removePolicy="0"><Properties action="U" newName="" description="Members of this group can access performance counter data locally and remotely" deleteAllUsers="1" deleteAllGroups="1" removeAccounts="0" groupSid="S-1-5-32-558" groupName="Performance Monitor Users (built-in)"><Members><Member name="%DomainName%\PERM-PLU-SVR-Test-ALL" action="ADD" sid=""/></Members></Properties><Filters/></Group>
	<Group clsid="{6D4A79E4-529C-4481-ABD0-F5BD7EA93BA7}" name="Performance Monitor Users (built-in)" image="2" changed="2016-10-05 10:11:52" uid="{F9CF01E6-C784-4D18-9962-B64491C7005B}" userContext="0" removePolicy="0"><Properties action="U" newName="" description="Members of this group can access performance counter data locally and remotely" deleteAllUsers="0" deleteAllGroups="0" removeAccounts="0" groupSid="S-1-5-32-558" groupName="Performance Monitor Users (built-in)"><Members><Member name="%DomainName%\PERM-PLU-SVR-%ComputerName%" action="ADD" sid=""/></Members></Properties><Filters><FilterLdap bool="AND" not="0" searchFilter="(&amp;(objectCategory=group)(cn=CN=PERM-PLU-SVR-%ComputerName%))" binding="LDAP:" variableName="" attribute=""/></Filters></Group>
	<Group clsid="{6D4A79E4-529C-4481-ABD0-F5BD7EA93BA7}" name="Remote Desktop Users (built-in)" image="2" changed="2016-10-05 10:11:49" uid="{B9765D09-BCB1-42F3-B7CC-7434823EF33B}" userContext="0" removePolicy="0"><Properties action="U" newName="" description="Members in this group are granted the right to logon remotely" deleteAllUsers="1" deleteAllGroups="1" removeAccounts="0" groupSid="S-1-5-32-555" groupName="Remote Desktop Users (built-in)"><Members><Member name="%DomainName%\PERM-RDP-SVR-Test-ALL" action="ADD" sid=""/></Members></Properties><Filters/></Group>
	<Group clsid="{6D4A79E4-529C-4481-ABD0-F5BD7EA93BA7}" name="Remote Desktop Users (built-in)" image="2" changed="2016-10-05 10:11:43" uid="{83CF6E89-F8AF-49B1-95A0-379CE6FBC4EF}" userContext="0" removePolicy="0"><Properties action="U" newName="" description="Members in this group are granted the right to logon remotely" deleteAllUsers="0" deleteAllGroups="0" removeAccounts="0" groupSid="S-1-5-32-555" groupName="Remote Desktop Users (built-in)"><Members><Member name="%DomainName%\PERM-RDP-SVR-%ComputerName%" action="ADD" sid=""/></Members></Properties><Filters><FilterLdap bool="AND" not="0" searchFilter="(&amp;(objectCategory=group)(cn=CN=PERM-RDP-SVR-%ComputerName%))" binding="LDAP:" variableName="" attribute=""/></Filters></Group>
</Groups>
