<BackupInst xmlns="http://www.microsoft.com/GroupPolicy/GPOOperations/Manifest"><GPOGuid><![CDATA[{616A5ECB-E0CC-4A17-8F9A-C6B035983928}]]></GPOGuid><GPODomain><![CDATA[ad.example.com]]></GPODomain><GPODomainGuid><![CDATA[{2b0c3f2f-e998-4ac3-9fdb-bf8c30c438bb}]]></GPODomainGuid><GPODomainController><![CDATA[EXAMPLE-DC-01.ad.example.com]]></GPODomainController><BackupTime><![CDATA[2016-10-05T10:22:18]]></BackupTime><ID><![CDATA[{1C8C8D8D-E2A0-4606-AE1F-70F9807573D8}]]></ID><Comment><![CDATA[]]></Comment><GPODisplayName><![CDATA[LIVE-New_Machine_Restrictions-C]]></GPODisplayName></BackupInst>
